timeframe,date,open,high,low,close,volume,peak_or_valley,strength,permanent_strength
1min,2023-12-19 00:01:00+00:00,42641.7,42641.7,42601.4,42622.0,3.14287472,valley,240.0,True
1min,2023-12-19 00:03:00+00:00,42645.5,42654.3,42618.5,42637.3,0.73667567,peak,180.0,True
5min,2023-12-19 00:05:00+00:00,42613.8,42621.0,42599.7,42604.3,0.95258539,valley,1020.0,True
15min,2023-12-19 00:10:00+00:00,42745.6,42889.6,42728.7,42744.8,74.32871253,peak,5700.0,True
1min,2023-12-19 00:12:00+00:00,42643.1,42690.7,42627.0,42677.9,1.00526927,valley,300.0,True
1min,2023-12-19 00:14:00+00:00,42638.0,42682.0,42627.0,42682.0,2.5586393,valley,120.0,True
1min,2023-12-19 00:16:00+00:00,42780.0,42789.3,42748.4,42779.1,7.21412946,peak,360.0,True
1min,2023-12-19 00:22:00+00:00,42608.4,42628.5,42586.0,42628.4,3.38559448,valley,360.0,True
1min,2023-12-19 00:24:00+00:00,42643.3,42643.3,42618.6,42618.7,0.10196703,peak,240.0,True
1min,2023-12-19 00:26:00+00:00,42604.9,42631.2,42593.0,42605.0,5.33912705,valley,120.0,True
15min,2023-12-19 00:29:00+00:00,42582.5,42607.9,42577.0,42607.9,2.53517836,valley,3600.0,True
1min,2023-12-19 00:30:00+00:00,42607.9,42625.0,42601.8,42613.2,1.48900042,peak,240.0,True
1min,2023-12-19 00:32:00+00:00,42582.8,42595.2,42578.6,42591.1,0.74792764,valley,180.0,True
1min,2023-12-19 00:37:00+00:00,42773.0,42808.1,42756.0,42781.5,4.68797363,peak,300.0,True
1min,2023-12-19 00:39:00+00:00,42777.1,42779.0,42759.0,42776.3,3.70711412,valley,120.0,True
1min,2023-12-19 00:41:00+00:00,42763.7,42786.5,42758.9,42786.5,0.69705764,valley,180.0,True
15min,2023-12-19 00:42:00+00:00,42781.5,42826.7,42768.8,42789.6,4.50520528,peak,1920.0,True
1min,2023-12-19 00:45:00+00:00,42757.4,42788.8,42751.0,42751.0,5.21584132,peak,120.0,True
1min,2023-12-19 00:48:00+00:00,42709.0,42727.8,42689.8,42727.8,1.00496229,valley,120.0,True
1min,2023-12-19 00:50:00+00:00,42694.3,42732.3,42686.8,42732.2,2.19370366,valley,120.0,True
1min,2023-12-19 00:51:00+00:00,42732.2,42736.6,42687.0,42693.6,3.45871666,peak,180.0,True
1min,2023-12-19 00:52:00+00:00,42693.7,42705.9,42686.3,42697.6,0.2660341,valley,240.0,True
1min,2023-12-19 00:54:00+00:00,42716.2,42741.6,42716.2,42722.6,0.14468639,peak,480.0,True
1min,2023-12-19 00:56:00+00:00,42706.2,42710.4,42664.6,42674.2,3.20627132,valley,360.0,True
1min,2023-12-19 00:58:00+00:00,42697.5,42718.9,42680.7,42698.9,4.60305104,peak,120.0,True
1min,2023-12-19 01:01:00+00:00,42735.0,42739.9,42675.8,42675.8,1.91076512,peak,420.0,True
1min,2023-12-19 01:06:00+00:00,42641.5,42654.6,42615.2,42619.4,1.94780909,peak,120.0,True
15min,2023-12-19 01:07:00+00:00,42619.4,42635.3,42613.6,42630.9,1.45654064,valley,1980.0,True
1min,2023-12-19 01:09:00+00:00,42626.4,42637.2,42614.2,42633.1,0.70073498,valley,120.0,True
1min,2023-12-19 01:13:00+00:00,42698.3,42729.9,42698.3,42708.1,3.5459184,peak,180.0,True
1min,2023-12-19 01:15:00+00:00,42707.1,42715.7,42661.3,42661.7,3.002151,valley,180.0,True
1min,2023-12-19 01:17:00+00:00,42735.4,42739.5,42675.0,42680.0,0.92973863,peak,480.0,True
1min,2023-12-19 01:20:00+00:00,42632.6,42658.9,42624.9,42630.3,0.76534944,peak,120.0,True
5min,2023-12-19 01:21:00+00:00,42630.3,42640.6,42621.2,42640.6,1.76397378,valley,720.0,True
5min,2023-12-19 01:27:00+00:00,42807.3,42842.4,42807.3,42834.3,3.99242942,peak,840.0,True
1min,2023-12-19 01:28:00+00:00,42834.3,42834.4,42797.7,42812.2,1.14838428,valley,120.0,True
1min,2023-12-19 01:29:00+00:00,42812.2,42837.7,42812.2,42826.2,1.18222597,peak,120.0,True
1min,2023-12-19 01:30:00+00:00,42826.1,42826.1,42769.4,42779.2,7.11292874,valley,240.0,True
1min,2023-12-19 01:32:00+00:00,42808.0,42813.4,42779.2,42793.6,2.67303643,peak,120.0,True
1min,2023-12-19 01:34:00+00:00,42775.0,42775.0,42749.2,42765.3,1.49378947,valley,540.0,True
1min,2023-12-19 01:36:00+00:00,42798.4,42816.2,42794.2,42816.2,3.21633964,peak,240.0,True
1min,2023-12-19 01:39:00+00:00,42764.6,42811.6,42758.4,42805.7,2.30322999,valley,300.0,True
1min,2023-12-19 01:42:00+00:00,42853.1,42876.3,42853.1,42876.3,0.83699942,peak,180.0,True
1min,2023-12-19 01:43:00+00:00,42876.3,42876.3,42847.2,42866.2,2.30871044,valley,120.0,True
1min,2023-12-19 01:45:00+00:00,42853.8,42895.8,42853.8,42895.8,3.51178519,valley,120.0,True
1min,2023-12-19 01:46:00+00:00,42895.8,42995.0,42895.8,42975.5,24.5610835,peak,180.0,True
1min,2023-12-19 01:48:00+00:00,42957.3,42960.7,42939.3,42953.6,4.97209001,valley,120.0,True
1min,2023-12-19 01:50:00+00:00,43029.4,43075.0,42944.3,42951.9,13.63800618,peak,120.0,True
1min,2023-12-19 01:50:00+00:00,43029.4,43075.0,42944.3,42951.9,13.63800618,valley,120.0,True
1min,2023-12-19 01:52:00+00:00,43075.1,43075.7,43016.8,43026.3,3.37679276,peak,120.0,True
1min,2023-12-19 01:57:00+00:00,43333.9,43384.5,43316.5,43316.5,20.47902278,peak,180.0,True
1min,2023-12-19 01:58:00+00:00,43316.4,43330.0,43286.4,43286.5,9.63158036,valley,120.0,True
4H,2023-12-19 02:00:00+00:00,43310.5,43486.9,43310.5,43389.9,52.78768966,peak,79140.0,False
1min,2023-12-19 02:04:00+00:00,43221.4,43251.0,43202.9,43229.3,9.28002619,valley,120.0,True
1min,2023-12-19 02:05:00+00:00,43225.5,43262.2,43208.7,43225.0,3.19670145,peak,120.0,True
1min,2023-12-19 02:06:00+00:00,43225.0,43245.2,43190.7,43231.3,4.21274244,valley,120.0,True
1min,2023-12-19 02:09:00+00:00,43184.4,43184.4,43143.9,43144.1,8.26890878,valley,120.0,True
1min,2023-12-19 02:12:00+00:00,43148.4,43195.3,43130.0,43195.3,1.25263897,valley,300.0,True
1min,2023-12-19 02:13:00+00:00,43195.3,43201.0,43171.1,43171.1,0.34558727,peak,120.0,True
1min,2023-12-19 02:14:00+00:00,43171.0,43196.3,43171.0,43196.3,0.48122614,valley,120.0,True
1min,2023-12-19 02:15:00+00:00,43201.2,43203.4,43179.0,43187.7,1.20745995,peak,420.0,True
1min,2023-12-19 02:17:00+00:00,43137.5,43156.9,43112.1,43156.9,1.34117794,valley,300.0,True
1min,2023-12-19 02:19:00+00:00,43163.6,43182.0,43149.5,43149.6,1.82707774,peak,180.0,True
1min,2023-12-19 02:24:00+00:00,43072.7,43075.7,43039.1,43053.0,1.25363504,valley,300.0,True
1min,2023-12-19 02:26:00+00:00,43100.2,43105.8,43066.4,43066.5,1.43823171,peak,180.0,True
15min,2023-12-19 02:29:00+00:00,43061.5,43061.5,43034.7,43037.6,3.65970013,valley,2160.0,True
1min,2023-12-19 02:32:00+00:00,43076.0,43110.2,43076.0,43110.2,2.70230131,peak,240.0,True
1min,2023-12-19 02:34:00+00:00,43066.0,43066.9,43051.5,43055.3,0.81926753,valley,240.0,True
1min,2023-12-19 02:38:00+00:00,43147.8,43153.8,43147.7,43152.1,0.10698334,peak,180.0,True
1min,2023-12-19 02:40:00+00:00,43124.3,43128.5,43124.2,43124.3,0.27928781,valley,180.0,True
5min,2023-12-19 02:43:00+00:00,43177.7,43190.0,43177.6,43190.0,0.77789686,peak,1620.0,True
1min,2023-12-19 02:45:00+00:00,43160.6,43160.6,43119.0,43123.2,0.85087958,valley,480.0,True
1min,2023-12-19 02:47:00+00:00,43157.7,43181.2,43134.0,43134.0,0.21494177,peak,180.0,True
1min,2023-12-19 02:48:00+00:00,43142.3,43151.0,43129.3,43137.0,0.2939085,valley,120.0,True
1min,2023-12-19 02:50:00+00:00,43154.8,43162.8,43134.8,43141.5,0.29384281,peak,180.0,True
1min,2023-12-19 02:50:00+00:00,43154.8,43162.8,43134.8,43141.5,0.29384281,valley,120.0,True
1min,2023-12-19 02:52:00+00:00,43150.9,43158.5,43146.6,43155.8,0.40543513,peak,120.0,True
1min,2023-12-19 02:58:00+00:00,43085.2,43085.2,43068.3,43072.9,0.18281469,valley,120.0,True
1min,2023-12-19 03:00:00+00:00,43076.4,43083.2,43061.0,43083.0,8.24364391,valley,120.0,True
1min,2023-12-19 03:00:00+00:00,43076.4,43083.2,43061.0,43083.0,8.24364391,peak,120.0,True
1min,2023-12-19 03:02:00+00:00,43070.8,43070.9,43059.0,43065.2,3.11763527,valley,120.0,True
5min,2023-12-19 03:05:00+00:00,43045.0,43052.1,43031.2,43052.0,3.41879481,valley,1200.0,True
5min,2023-12-19 03:08:00+00:00,43118.3,43135.3,43113.9,43123.9,1.23305119,peak,840.0,True
1min,2023-12-19 03:11:00+00:00,43066.4,43094.1,43065.8,43081.4,0.39723168,peak,120.0,True
1min,2023-12-19 03:12:00+00:00,43081.4,43081.4,43059.9,43075.5,0.84911334,valley,360.0,True
1min,2023-12-19 03:13:00+00:00,43072.9,43085.7,43067.1,43079.8,0.92102055,peak,120.0,True
1min,2023-12-19 03:16:00+00:00,43097.5,43128.6,43097.3,43128.6,0.19080674,peak,480.0,True
1min,2023-12-19 03:19:00+00:00,43079.8,43084.2,43061.5,43071.2,0.12001447,peak,120.0,True
1min,2023-12-19 03:20:00+00:00,43071.2,43071.2,43050.2,43063.7,0.45287855,valley,300.0,True
1min,2023-12-19 03:22:00+00:00,43080.3,43092.8,43080.3,43091.3,1.64109321,peak,300.0,True
1min,2023-12-19 03:26:00+00:00,43023.0,43023.0,43000.0,43010.0,2.59343458,valley,120.0,True
5min,2023-12-19 03:28:00+00:00,43014.2,43017.5,42998.8,42998.8,1.56372108,valley,660.0,True
1min,2023-12-19 03:30:00+00:00,43020.9,43033.1,43011.1,43013.5,0.24665214,peak,300.0,True
1min,2023-12-19 03:31:00+00:00,43013.4,43017.6,43001.8,43008.7,0.57591746,valley,120.0,True
1min,2023-12-19 03:32:00+00:00,43008.6,43017.7,43006.3,43017.6,0.10395453,peak,120.0,True
1min,2023-12-19 03:34:00+00:00,43017.7,43017.7,43001.7,43010.2,0.52898241,valley,300.0,True
1min,2023-12-19 03:37:00+00:00,43017.6,43019.6,43017.6,43019.5,0.6993892,peak,180.0,True
15min,2023-12-19 03:39:00+00:00,43003.0,43006.1,42995.0,42998.7,1.34849859,valley,3180.0,True
1min,2023-12-19 03:42:00+00:00,43052.1,43054.8,43049.3,43049.9,0.66645439,peak,360.0,True
1min,2023-12-19 03:45:00+00:00,43002.2,43008.6,42998.2,43007.3,1.07329925,valley,360.0,True
1min,2023-12-19 03:48:00+00:00,43045.1,43060.3,43034.8,43034.8,0.90549735,peak,300.0,True
1min,2023-12-19 03:49:00+00:00,43034.8,43034.8,43002.0,43013.4,0.89059481,valley,240.0,True
1min,2023-12-19 03:55:00+00:00,43063.2,43086.4,43063.2,43068.3,0.79582876,peak,300.0,True
1min,2023-12-19 03:57:00+00:00,43057.8,43058.9,43052.4,43058.9,0.10407834,valley,240.0,True
15min,2023-12-19 04:02:00+00:00,43129.7,43129.7,43112.0,43112.0,1.09093674,peak,3240.0,True
1min,2023-12-19 04:03:00+00:00,43109.2,43128.9,43105.5,43125.2,0.50817126,valley,120.0,True
5min,2023-12-19 04:09:00+00:00,43048.1,43048.1,43039.1,43039.4,1.11772975,valley,1020.0,True
1min,2023-12-19 04:13:00+00:00,43067.8,43077.9,43051.1,43077.9,0.84612781,valley,180.0,True
1min,2023-12-19 04:15:00+00:00,43085.9,43091.0,43068.9,43069.0,0.41435036,peak,180.0,True
1min,2023-12-19 04:16:00+00:00,43068.9,43072.5,43056.4,43072.5,0.57517242,valley,180.0,True
5min,2023-12-19 04:18:00+00:00,43077.9,43116.6,43077.9,43100.3,0.61053408,peak,720.0,True
1min,2023-12-19 04:20:00+00:00,43087.2,43087.2,43073.4,43073.6,0.40110356,valley,180.0,True
1min,2023-12-19 04:22:00+00:00,43102.8,43109.6,43086.6,43086.6,0.84959725,peak,240.0,True
1min,2023-12-19 04:34:00+00:00,42943.6,42943.6,42903.0,42909.0,4.4975827,valley,120.0,True
1min,2023-12-19 04:35:00+00:00,42909.0,42946.4,42908.9,42946.3,7.41156676,peak,120.0,True
1min,2023-12-19 04:37:00+00:00,42902.1,42913.3,42878.9,42903.8,3.71041601,valley,240.0,True
1min,2023-12-19 04:38:00+00:00,42903.8,42925.3,42903.8,42915.0,1.54743285,peak,120.0,True
15min,2023-12-19 04:43:00+00:00,42861.9,42861.9,42843.2,42857.4,1.90683,valley,5520.0,True
1min,2023-12-19 04:46:00+00:00,42900.1,42940.6,42900.0,42925.9,4.00851908,peak,240.0,True
1min,2023-12-19 04:48:00+00:00,42911.8,42920.5,42888.8,42895.8,1.11127685,valley,180.0,True
1min,2023-12-19 04:52:00+00:00,42936.9,42948.6,42930.1,42941.5,0.97718458,peak,300.0,True
1min,2023-12-19 04:54:00+00:00,42930.2,42941.6,42916.6,42941.6,0.12674392,valley,240.0,True
5min,2023-12-19 04:57:00+00:00,42946.1,42954.6,42921.9,42932.5,0.42089425,peak,780.0,True
1min,2023-12-19 04:58:00+00:00,42932.5,42932.6,42919.8,42920.0,0.41446483,valley,240.0,True
1min,2023-12-19 05:01:00+00:00,42935.3,42949.9,42930.1,42930.2,0.31235019,peak,240.0,True
5min,2023-12-19 05:03:00+00:00,42923.6,42923.6,42898.1,42913.8,0.38008919,valley,900.0,True
1min,2023-12-19 05:05:00+00:00,42914.6,42934.4,42906.9,42934.4,0.44985173,valley,120.0,True
1min,2023-12-19 05:06:00+00:00,42938.8,42945.5,42938.8,42945.4,1.4905455,peak,240.0,True
1min,2023-12-19 05:08:00+00:00,42945.3,42945.3,42919.5,42922.1,0.39376154,valley,180.0,True
5min,2023-12-19 05:10:00+00:00,42931.4,42975.0,42931.3,42971.0,1.39762095,peak,600.0,True
1min,2023-12-19 05:13:00+00:00,42945.4,42945.4,42941.2,42943.3,0.92311963,valley,180.0,True
1min,2023-12-19 05:15:00+00:00,42950.7,42953.6,42941.2,42945.4,0.27985461,valley,120.0,True
1min,2023-12-19 05:19:00+00:00,42969.8,42969.8,42959.9,42967.6,1.9789486,valley,120.0,True
1min,2023-12-19 05:20:00+00:00,42964.4,42984.2,42963.8,42963.9,4.26301337,peak,120.0,True
1min,2023-12-19 05:21:00+00:00,42963.9,42968.0,42955.1,42967.9,1.24253893,valley,300.0,True
15min,2023-12-19 05:22:00+00:00,42968.0,42994.2,42959.6,42993.1,0.5377247,peak,3000.0,True
1min,2023-12-19 05:24:00+00:00,42975.6,42982.8,42962.8,42982.7,1.62635227,valley,120.0,True
1min,2023-12-19 05:25:00+00:00,42982.8,42989.6,42980.6,42989.5,0.16966047,peak,120.0,True
1min,2023-12-19 05:27:00+00:00,42977.4,42980.8,42969.0,42980.7,0.34799162,valley,180.0,True
1min,2023-12-19 05:30:00+00:00,42976.2,42980.1,42967.0,42967.0,0.88097512,peak,120.0,True
1min,2023-12-19 05:32:00+00:00,42963.0,42963.1,42937.2,42937.3,1.19350814,valley,120.0,True
1min,2023-12-19 05:36:00+00:00,42942.6,42942.7,42917.7,42917.7,2.80639596,peak,120.0,True
1min,2023-12-19 05:36:00+00:00,42942.6,42942.7,42917.7,42917.7,2.80639596,valley,360.0,True
1min,2023-12-19 05:38:00+00:00,42929.5,42941.4,42929.4,42929.6,0.55951933,peak,120.0,True
1min,2023-12-19 05:39:00+00:00,42929.6,42932.6,42925.2,42925.3,0.40109557,valley,120.0,True
1min,2023-12-19 05:41:00+00:00,42938.8,42942.7,42925.6,42925.6,0.6935717,peak,300.0,True
5min,2023-12-19 05:47:00+00:00,42868.7,42868.8,42867.2,42867.3,0.11095666,valley,1560.0,True
1min,2023-12-19 05:51:00+00:00,42916.7,42961.6,42916.7,42961.6,3.8297843,peak,300.0,True
1min,2023-12-19 05:53:00+00:00,42961.5,42961.5,42935.7,42935.8,0.22125153,valley,120.0,True
5min,2023-12-19 05:57:00+00:00,42963.8,42978.4,42963.7,42978.0,0.7963086,peak,1620.0,True
1min,2023-12-19 05:59:00+00:00,42968.9,42977.6,42957.5,42958.8,0.06036337,peak,120.0,True
1min,2023-12-19 06:05:00+00:00,42895.0,42900.5,42880.6,42900.4,0.83169053,valley,300.0,True
1min,2023-12-19 06:10:00+00:00,42892.9,42892.9,42869.2,42869.3,0.8576263,valley,180.0,True
1H,2023-12-19 06:16:00+00:00,42828.4,42874.2,42814.0,42874.2,3.02227623,valley,16560.0,True
1min,2023-12-19 06:18:00+00:00,42900.0,42906.4,42897.7,42897.7,0.07159328,peak,120.0,True
1min,2023-12-19 06:19:00+00:00,42899.8,42905.3,42894.4,42905.1,0.59818741,valley,120.0,True
1min,2023-12-19 06:20:00+00:00,42905.2,42921.0,42905.1,42921.0,1.72865712,peak,360.0,True
1min,2023-12-19 06:23:00+00:00,42891.7,42896.0,42884.6,42891.7,0.344055,valley,360.0,True
1min,2023-12-19 06:26:00+00:00,42919.1,42926.5,42919.1,42924.7,0.02366779,peak,360.0,True
1min,2023-12-19 06:30:00+00:00,42900.0,42924.7,42900.0,42924.7,0.67255495,valley,360.0,True
1min,2023-12-19 06:32:00+00:00,42922.6,42937.3,42922.6,42937.3,0.32666843,peak,480.0,True
1min,2023-12-19 06:34:00+00:00,42901.2,42918.9,42900.3,42909.4,0.79785851,valley,240.0,True
1min,2023-12-19 06:35:00+00:00,42914.8,42937.0,42914.8,42936.9,1.03053158,peak,120.0,True
1min,2023-12-19 06:37:00+00:00,42924.1,42924.1,42908.7,42916.9,0.68159515,valley,180.0,True
1min,2023-12-19 06:39:00+00:00,42932.9,42932.9,42913.1,42913.1,0.76016686,valley,120.0,True
1min,2023-12-19 06:41:00+00:00,42940.0,42941.7,42940.0,42940.0,0.56942457,peak,240.0,True
1min,2023-12-19 06:43:00+00:00,42936.0,42936.1,42925.8,42925.8,0.81230415,valley,180.0,True
5min,2023-12-19 06:46:00+00:00,42944.0,42973.4,42944.0,42967.3,15.48653145,peak,1620.0,True
1min,2023-12-19 06:50:00+00:00,42922.0,42922.0,42910.9,42919.0,0.67122459,valley,360.0,True
1min,2023-12-19 06:54:00+00:00,42952.2,42952.3,42929.1,42934.4,0.0852817,peak,420.0,True
1min,2023-12-19 06:59:00+00:00,42897.1,42906.3,42894.3,42906.3,0.41711441,valley,180.0,True
1min,2023-12-19 07:01:00+00:00,42920.8,42932.2,42902.1,42928.4,2.7681731,peak,180.0,True
15min,2023-12-19 07:02:00+00:00,42928.4,42928.5,42890.1,42891.6,0.99341665,valley,2340.0,True
1min,2023-12-19 07:04:00+00:00,42930.2,42935.8,42930.2,42935.7,2.5186711,peak,300.0,True
1min,2023-12-19 07:05:00+00:00,42935.7,42935.8,42895.0,42895.1,1.28345183,valley,120.0,True
1min,2023-12-19 07:07:00+00:00,42932.3,42935.6,42928.2,42935.3,0.34143828,peak,120.0,True
1min,2023-12-19 07:08:00+00:00,42935.3,42935.3,42924.5,42924.6,0.66414204,valley,120.0,True
1min,2023-12-19 07:09:00+00:00,42927.3,42937.1,42927.2,42932.0,1.71325738,peak,120.0,True
5min,2023-12-19 07:15:00+00:00,43007.3,43018.2,42989.3,42993.6,1.70996745,peak,1500.0,True
1min,2023-12-19 07:18:00+00:00,42960.1,42979.0,42944.1,42944.9,1.59967525,peak,120.0,True
5min,2023-12-19 07:20:00+00:00,42937.2,42959.3,42928.1,42959.2,1.00933301,valley,660.0,True
1min,2023-12-19 07:24:00+00:00,42986.6,43007.6,42986.6,42992.1,1.1613502,peak,540.0,True
1min,2023-12-19 07:25:00+00:00,42992.1,42999.4,42983.1,42999.4,0.66958465,valley,120.0,True
1min,2023-12-19 07:30:00+00:00,42954.2,42981.9,42943.8,42943.8,1.81047302,peak,180.0,True
1min,2023-12-19 07:32:00+00:00,42936.0,42949.6,42930.5,42949.6,0.22450598,peak,120.0,True
5min,2023-12-19 07:33:00+00:00,42949.6,42949.6,42926.5,42926.5,0.83817092,valley,1500.0,True
1min,2023-12-19 07:36:00+00:00,42951.2,42977.2,42951.2,42958.3,0.49908846,peak,180.0,True
1min,2023-12-19 07:40:00+00:00,43004.7,43041.0,43004.7,43019.0,1.45101173,peak,360.0,True
1min,2023-12-19 07:42:00+00:00,43010.1,43027.4,43010.0,43015.8,0.29847196,peak,120.0,True
1min,2023-12-19 07:43:00+00:00,43015.8,43018.8,43006.5,43009.5,0.56601563,valley,180.0,True
1min,2023-12-19 07:46:00+00:00,43040.1,43056.3,43033.5,43035.3,1.29993336,peak,180.0,True
1min,2023-12-19 07:47:00+00:00,43035.4,43035.4,43030.8,43032.2,0.26379727,valley,120.0,True
5min,2023-12-19 07:51:00+00:00,43079.3,43109.9,43079.3,43109.8,1.47602083,peak,900.0,True
1min,2023-12-19 07:55:00+00:00,43057.2,43057.3,43027.3,43030.5,0.27310197,valley,360.0,True
1min,2023-12-19 07:57:00+00:00,43027.6,43062.0,43027.6,43033.2,1.08426846,peak,240.0,True
1min,2023-12-19 07:58:00+00:00,43035.3,43041.3,43027.5,43027.5,0.73571747,valley,120.0,True
1min,2023-12-19 08:00:00+00:00,43036.3,43057.7,43036.3,43044.3,0.66966993,peak,180.0,True
5min,2023-12-19 08:03:00+00:00,43009.9,43010.0,42993.5,42999.8,1.17548932,valley,1440.0,True
1min,2023-12-19 08:07:00+00:00,43113.8,43136.0,43100.8,43100.8,1.44966883,peak,180.0,True
1min,2023-12-19 08:08:00+00:00,43100.7,43114.6,43092.7,43092.8,0.51394984,valley,120.0,True
1min,2023-12-19 08:11:00+00:00,43137.8,43160.0,43137.8,43143.6,0.60012569,peak,240.0,True
1min,2023-12-19 08:13:00+00:00,43120.2,43128.7,43115.9,43120.4,0.8897512,valley,180.0,True
5min,2023-12-19 08:16:00+00:00,43159.6,43166.5,43146.2,43159.7,3.11710618,peak,780.0,True
1min,2023-12-19 08:17:00+00:00,43159.7,43159.8,43118.7,43118.7,1.83044764,valley,240.0,True
1min,2023-12-19 08:20:00+00:00,43133.2,43163.1,43133.1,43150.6,0.189182,peak,240.0,True
5min,2023-12-19 08:24:00+00:00,43087.9,43088.7,43069.1,43077.4,1.78034572,valley,1140.0,True
5min,2023-12-19 08:29:00+00:00,43153.5,43176.0,43147.4,43169.4,6.35982529,peak,780.0,True
1min,2023-12-19 08:34:00+00:00,43109.9,43112.0,43091.0,43092.6,2.88811387,peak,120.0,True
5min,2023-12-19 08:35:00+00:00,43092.0,43100.0,43084.8,43100.0,0.21134062,valley,600.0,True
1min,2023-12-19 08:37:00+00:00,43144.5,43176.0,43144.4,43175.9,0.91916509,peak,300.0,True
1min,2023-12-19 08:40:00+00:00,43153.8,43160.4,43150.9,43156.0,0.66449118,valley,180.0,True
1H,2023-12-19 08:43:00+00:00,43179.7,43185.0,43177.7,43177.7,0.7801448,peak,7200.0,True
1min,2023-12-19 08:44:00+00:00,43173.9,43173.9,43132.2,43143.4,0.22666729,valley,120.0,True
5min,2023-12-19 08:51:00+00:00,43067.8,43073.5,43030.2,43049.2,3.34631513,valley,660.0,True
1min,2023-12-19 08:54:00+00:00,43093.2,43096.5,43090.4,43090.4,0.26544096,peak,180.0,True
1min,2023-12-19 08:55:00+00:00,43087.8,43094.7,43075.6,43086.2,0.51525244,valley,120.0,True
5min,2023-12-19 08:59:00+00:00,43109.2,43120.5,43091.7,43091.7,2.22730365,peak,660.0,True
5min,2023-12-19 09:04:00+00:00,43028.4,43036.3,43023.4,43036.3,0.62802893,valley,1680.0,True
1min,2023-12-19 09:07:00+00:00,43082.7,43089.6,43082.7,43085.2,0.47440685,peak,240.0,True
1min,2023-12-19 09:08:00+00:00,43085.2,43085.3,43060.1,43060.1,1.21973587,valley,120.0,True
15min,2023-12-19 09:14:00+00:00,43144.1,43175.4,43144.1,43172.1,1.60457054,peak,1860.0,True
1min,2023-12-19 09:19:00+00:00,43060.4,43070.6,43052.2,43070.6,0.5713867,valley,120.0,True
1min,2023-12-19 09:20:00+00:00,43072.8,43076.3,43056.1,43070.8,1.06564928,peak,120.0,True
1min,2023-12-19 09:21:00+00:00,43070.9,43070.9,43051.0,43052.9,0.80697297,valley,120.0,True
1min,2023-12-19 09:25:00+00:00,43049.2,43050.6,43034.1,43036.9,2.92646724,valley,180.0,True
1min,2023-12-19 09:28:00+00:00,43043.0,43056.9,43026.0,43049.7,2.13233736,valley,240.0,True
1min,2023-12-19 09:28:00+00:00,43043.0,43056.9,43026.0,43049.7,2.13233736,peak,300.0,True
1min,2023-12-19 09:30:00+00:00,43044.3,43056.7,43035.8,43036.3,0.22013371,peak,120.0,True
1min,2023-12-19 09:32:00+00:00,43035.4,43035.4,43018.1,43018.2,0.38969582,peak,120.0,True
15min,2023-12-19 09:36:00+00:00,42976.0,42986.0,42960.0,42986.0,3.8682827,valley,2580.0,True
1min,2023-12-19 09:37:00+00:00,42986.1,43020.5,42986.1,43020.5,1.46631735,peak,180.0,True
1min,2023-12-19 09:38:00+00:00,43020.5,43020.5,42978.9,42979.0,0.26319737,valley,120.0,True
1min,2023-12-19 09:43:00+00:00,43097.0,43097.8,43077.3,43077.4,0.93247612,peak,300.0,True
1min,2023-12-19 09:45:00+00:00,43066.4,43092.3,43066.3,43071.9,0.74274375,valley,180.0,True
15min,2023-12-19 09:49:00+00:00,43109.3,43114.9,43105.6,43105.7,0.15821428,peak,1980.0,True
1min,2023-12-19 09:54:00+00:00,43076.9,43076.9,43060.0,43067.5,0.34303204,valley,120.0,True
1min,2023-12-19 09:55:00+00:00,43067.6,43097.8,43061.7,43061.7,1.3572974,peak,300.0,True
1min,2023-12-19 09:57:00+00:00,43024.6,43026.8,43017.4,43017.4,0.44179018,valley,240.0,True
1min,2023-12-19 10:00:00+00:00,43035.1,43044.3,43024.6,43024.6,0.7866741,peak,240.0,True
1min,2023-12-19 10:02:00+00:00,43032.2,43032.2,43006.4,43006.5,0.17213842,valley,300.0,True
1min,2023-12-19 10:05:00+00:00,43033.2,43037.4,43033.2,43034.2,0.28875902,peak,300.0,True
1min,2023-12-19 10:10:00+00:00,42992.2,43008.0,42983.9,43008.0,0.35142141,valley,480.0,True
1min,2023-12-19 10:13:00+00:00,43033.5,43033.5,43012.8,43012.8,0.32080382,peak,420.0,True
1min,2023-12-19 10:15:00+00:00,43000.5,43000.6,42986.9,42991.8,1.02763925,valley,180.0,True
1H,2023-12-19 10:20:00+00:00,42953.1,42965.6,42948.4,42964.1,3.22052797,valley,7200.0,True
1min,2023-12-19 10:21:00+00:00,42964.1,42980.1,42957.6,42977.0,1.18721031,peak,180.0,True
1min,2023-12-19 10:23:00+00:00,42964.2,42973.8,42952.9,42973.7,0.83105809,valley,180.0,True
1min,2023-12-19 10:25:00+00:00,42988.8,43034.1,42988.8,43034.0,3.77839118,peak,240.0,True
1min,2023-12-19 10:27:00+00:00,43021.8,43021.9,42999.2,43004.1,0.38232542,valley,120.0,True
1min,2023-12-19 10:30:00+00:00,43043.4,43048.2,43034.7,43034.7,0.30398334,peak,300.0,True
1min,2023-12-19 10:32:00+00:00,43008.6,43013.4,43004.7,43013.4,0.47765559,valley,120.0,True
5min,2023-12-19 10:34:00+00:00,43018.8,43018.9,42981.5,43010.6,17.53983711,valley,600.0,True
1min,2023-12-19 10:36:00+00:00,43074.6,43084.4,43071.0,43071.5,1.1396775,peak,180.0,True
1min,2023-12-19 10:37:00+00:00,43071.5,43072.4,43037.5,43070.7,2.95954856,valley,120.0,True
1min,2023-12-19 10:42:00+00:00,43144.9,43159.9,43126.5,43159.9,2.82884084,valley,120.0,True
1min,2023-12-19 10:44:00+00:00,43207.1,43221.6,43189.7,43206.8,2.29061215,peak,180.0,True
1min,2023-12-19 10:46:00+00:00,43153.3,43205.3,43147.5,43196.2,3.64406109,valley,240.0,True
4H,2023-12-19 10:49:00+00:00,43230.3,43268.0,43230.0,43230.0,3.47875802,peak,31560.0,True
1min,2023-12-19 10:52:00+00:00,43184.4,43199.8,43165.9,43188.2,2.10209811,valley,300.0,True
1min,2023-12-19 10:54:00+00:00,43190.8,43195.3,43166.4,43186.4,1.07010208,valley,120.0,True
1min,2023-12-19 10:55:00+00:00,43186.5,43220.0,43186.5,43219.9,2.49046833,peak,300.0,True
1min,2023-12-19 10:58:00+00:00,43139.0,43139.1,43123.2,43123.2,0.14042138,valley,180.0,True
1min,2023-12-19 11:00:00+00:00,43131.9,43147.7,43123.3,43131.8,0.95425006,peak,120.0,True
5min,2023-12-19 11:02:00+00:00,43118.2,43173.0,43117.5,43173.0,0.89100462,valley,600.0,True
1min,2023-12-19 11:04:00+00:00,43196.8,43206.0,43190.8,43200.4,0.43528804,peak,480.0,True
1min,2023-12-19 11:07:00+00:00,43154.3,43158.5,43143.6,43151.9,0.07611609,valley,240.0,True
1min,2023-12-19 11:09:00+00:00,43177.0,43182.1,43158.5,43158.5,2.62618824,peak,180.0,True
1min,2023-12-19 11:12:00+00:00,43138.1,43145.5,43112.0,43112.0,1.3580172,valley,360.0,True
1min,2023-12-19 11:13:00+00:00,43112.0,43161.0,43112.0,43161.0,1.21684214,peak,180.0,True
1min,2023-12-19 11:15:00+00:00,43139.3,43150.8,43132.8,43150.8,0.52107696,valley,120.0,True
1min,2023-12-19 11:16:00+00:00,43154.9,43165.2,43154.9,43161.7,0.74643094,peak,420.0,True
1min,2023-12-19 11:20:00+00:00,43087.1,43115.3,43073.1,43111.9,2.77416136,valley,120.0,True
1min,2023-12-19 11:20:00+00:00,43087.1,43115.3,43073.1,43111.9,2.77416136,peak,120.0,True
1min,2023-12-19 11:22:00+00:00,43078.8,43083.2,43066.0,43083.1,1.30879588,valley,120.0,True
1min,2023-12-19 11:23:00+00:00,43083.0,43089.5,43074.5,43089.5,0.70672014,peak,120.0,True
1min,2023-12-19 11:29:00+00:00,43052.5,43065.2,43039.4,43058.5,0.5500826,valley,120.0,True
1min,2023-12-19 11:30:00+00:00,43058.5,43073.8,43048.4,43067.1,0.40388498,peak,300.0,True
5min,2023-12-19 11:33:00+00:00,43035.0,43065.0,43020.0,43065.0,5.21923991,valley,1320.0,True
5min,2023-12-19 11:37:00+00:00,43114.4,43148.9,43114.4,43147.1,0.58337973,peak,1200.0,True
1min,2023-12-19 11:41:00+00:00,43117.2,43117.3,43084.6,43084.6,0.14382744,valley,300.0,True
1min,2023-12-19 11:45:00+00:00,43117.2,43129.8,43096.2,43096.3,0.92881055,peak,360.0,True
1min,2023-12-19 11:46:00+00:00,43096.3,43112.5,43088.7,43112.5,0.28367843,valley,120.0,True
1min,2023-12-19 11:53:00+00:00,43044.7,43048.3,43025.2,43037.3,1.23124839,valley,120.0,True
1min,2023-12-19 11:57:00+00:00,42997.7,42997.7,42959.5,42978.1,2.61472525,valley,420.0,True
1min,2023-12-19 12:01:00+00:00,43004.7,43011.8,43002.1,43008.5,0.32244771,peak,300.0,True
5min,2023-12-19 12:04:00+00:00,42962.2,42970.5,42953.9,42970.5,0.87310871,valley,960.0,True
1min,2023-12-19 12:05:00+00:00,42970.6,42987.2,42970.6,42982.4,1.19374009,peak,120.0,True
1min,2023-12-19 12:07:00+00:00,42982.5,42982.5,42963.3,42970.0,0.58593473,valley,180.0,True
1min,2023-12-19 12:08:00+00:00,42969.9,42994.1,42969.9,42990.0,0.39742369,peak,240.0,True
5min,2023-12-19 12:15:00+00:00,43013.6,43021.9,43013.6,43018.2,0.61158525,peak,1200.0,True
1min,2023-12-19 12:21:00+00:00,42939.6,42939.6,42910.1,42919.8,4.349281,valley,360.0,True
1min,2023-12-19 12:22:00+00:00,42921.0,42956.8,42920.9,42939.7,0.53817739,peak,120.0,True
1min,2023-12-19 12:24:00+00:00,42922.9,42946.4,42920.8,42946.4,0.33738306,valley,180.0,True
1min,2023-12-19 12:26:00+00:00,42962.7,42965.3,42920.8,42920.8,10.56221169,peak,300.0,True
5min,2023-12-19 12:28:00+00:00,42901.5,42940.4,42900.0,42940.4,8.33839059,valley,1380.0,True
5min,2023-12-19 12:31:00+00:00,42961.9,42974.2,42957.6,42957.6,0.73444196,peak,780.0,True
1min,2023-12-19 12:34:00+00:00,42920.3,42926.5,42914.2,42926.5,0.48480686,valley,120.0,True
1min,2023-12-19 12:35:00+00:00,42927.7,42941.6,42927.7,42932.3,0.18415518,peak,180.0,True
1min,2023-12-19 12:36:00+00:00,42932.3,42932.3,42900.1,42900.1,1.40571651,valley,480.0,True
5min,2023-12-19 12:41:00+00:00,42959.7,42963.3,42945.0,42945.1,0.70388614,peak,600.0,True
1min,2023-12-19 12:44:00+00:00,42925.0,42925.1,42905.0,42919.0,6.79398643,valley,360.0,True
1min,2023-12-19 12:46:00+00:00,42928.1,42956.8,42928.1,42956.8,2.03464102,peak,300.0,True
15min,2023-12-19 12:52:00+00:00,42872.0,42891.8,42862.8,42878.4,7.04468304,valley,4080.0,True
1min,2023-12-19 12:55:00+00:00,42887.3,42920.7,42886.4,42920.7,0.3176742,valley,120.0,True
1min,2023-12-19 12:56:00+00:00,42920.7,42962.6,42920.6,42961.0,1.19925697,peak,300.0,True
1min,2023-12-19 13:00:00+00:00,42940.3,42956.7,42925.9,42956.7,0.2516841,valley,240.0,True
1min,2023-12-19 13:02:00+00:00,42980.4,42993.4,42967.3,42967.3,0.14700772,peak,360.0,True
1min,2023-12-19 13:04:00+00:00,42983.5,42986.3,42975.7,42975.7,1.3389019,peak,120.0,True
1min,2023-12-19 13:06:00+00:00,42979.6,42993.4,42962.3,42973.3,1.79648805,peak,120.0,True
1min,2023-12-19 13:06:00+00:00,42979.6,42993.4,42962.3,42973.3,1.79648805,valley,300.0,True
15min,2023-12-19 13:08:00+00:00,42974.9,43038.0,42974.8,43029.6,2.9668188,peak,4440.0,True
1min,2023-12-19 13:14:00+00:00,42982.7,43000.8,42967.2,42991.2,2.14230151,peak,120.0,True
1min,2023-12-19 13:15:00+00:00,42987.8,42995.5,42962.9,42989.8,4.14650579,valley,540.0,True
1min,2023-12-19 13:17:00+00:00,42982.2,43006.1,42982.2,43006.1,0.4968957,peak,300.0,True
1min,2023-12-19 13:19:00+00:00,42990.1,42991.8,42967.4,42991.8,4.95858761,valley,240.0,True
1min,2023-12-19 13:20:00+00:00,42994.3,42994.3,42982.2,42982.3,1.06366754,peak,120.0,True
1min,2023-12-19 13:21:00+00:00,42982.2,42994.3,42967.5,42973.5,3.82510298,valley,120.0,True
1min,2023-12-19 13:24:00+00:00,42983.9,42987.2,42964.8,42967.0,0.44450693,peak,180.0,True
1min,2023-12-19 13:26:00+00:00,42958.8,42958.9,42930.5,42934.7,0.32702234,valley,420.0,True
1min,2023-12-19 13:31:00+00:00,42944.8,42975.9,42941.7,42972.8,0.49936399,valley,120.0,True
1min,2023-12-19 13:31:00+00:00,42944.8,42975.9,42941.7,42972.8,0.49936399,peak,300.0,True
5min,2023-12-19 13:33:00+00:00,42957.8,42957.8,42929.2,42929.2,0.8651696,valley,780.0,True
1min,2023-12-19 13:36:00+00:00,42975.0,43008.9,42975.0,42988.8,2.08800019,peak,120.0,True
15min,2023-12-19 13:40:00+00:00,43004.2,43014.5,43000.9,43008.8,2.85926028,peak,1800.0,True
1min,2023-12-19 13:40:00+00:00,43004.2,43014.5,43000.9,43008.8,2.85926028,valley,120.0,True
1min,2023-12-19 13:42:00+00:00,43014.4,43014.4,43003.0,43012.1,2.84581206,valley,120.0,True
1min,2023-12-19 13:43:00+00:00,43014.5,43014.5,43004.7,43004.7,0.29934349,peak,180.0,True
1min,2023-12-19 13:46:00+00:00,42931.2,42934.1,42906.4,42915.5,1.15563914,valley,360.0,True
1min,2023-12-19 13:49:00+00:00,42907.1,42938.2,42907.1,42938.1,0.79952102,valley,180.0,True
1min,2023-12-19 13:50:00+00:00,42932.4,42942.7,42915.9,42927.8,4.50746825,peak,240.0,True
1min,2023-12-19 13:52:00+00:00,42924.4,42924.4,42900.0,42910.5,6.39674499,valley,360.0,True
1min,2023-12-19 13:54:00+00:00,42924.6,42944.1,42924.6,42935.1,0.43441589,peak,540.0,True
1min,2023-12-19 13:55:00+00:00,42935.1,42935.1,42909.7,42932.1,10.30631517,valley,120.0,True
1min,2023-12-19 14:00:00+00:00,42869.2,42895.1,42860.6,42882.6,2.75295072,valley,240.0,True
1min,2023-12-19 14:01:00+00:00,42882.6,42911.3,42880.6,42880.7,4.23062281,peak,180.0,True
1min,2023-12-19 14:03:00+00:00,42897.8,42910.1,42885.5,42885.5,2.23946236,peak,120.0,True
1min,2023-12-19 14:08:00+00:00,42689.8,42718.8,42664.7,42700.8,7.43628044,valley,240.0,True
1min,2023-12-19 14:09:00+00:00,42700.9,42750.0,42700.9,42750.0,2.25965235,peak,120.0,True
1min,2023-12-19 14:14:00+00:00,42608.0,42644.0,42555.0,42611.7,71.90284746,valley,180.0,True
1min,2023-12-19 14:15:00+00:00,42615.7,42675.2,42591.7,42655.9,5.83181832,peak,180.0,True
15min,2023-12-19 14:17:00+00:00,42601.5,42601.5,42536.4,42569.7,1.42715947,valley,1860.0,True
1min,2023-12-19 14:22:00+00:00,42700.0,42720.0,42693.5,42720.0,4.5085104,peak,240.0,True
1min,2023-12-19 14:24:00+00:00,42699.1,42703.3,42677.0,42680.6,0.98868791,valley,180.0,True
1min,2023-12-19 14:27:00+00:00,42726.1,42744.9,42704.8,42709.6,5.50988225,peak,180.0,True
5min,2023-12-19 14:30:00+00:00,42740.1,42755.0,42700.0,42700.0,5.50198608,peak,1380.0,True
1min,2023-12-19 14:31:00+00:00,42697.5,42697.5,42656.6,42680.5,0.70121486,valley,240.0,True
1min,2023-12-19 14:32:00+00:00,42680.6,42703.7,42672.4,42703.7,3.64308062,peak,120.0,True
1min,2023-12-19 14:33:00+00:00,42703.7,42703.7,42672.3,42676.8,0.56091695,valley,120.0,True
1min,2023-12-19 14:35:00+00:00,42687.4,42687.4,42649.4,42658.8,1.85665857,valley,360.0,True
1min,2023-12-19 14:38:00+00:00,42701.0,42703.8,42683.2,42699.4,1.78430978,peak,480.0,True
1min,2023-12-19 14:41:00+00:00,42651.2,42656.2,42639.5,42645.7,1.78613069,valley,180.0,True
1min,2023-12-19 14:43:00+00:00,42649.9,42666.1,42649.9,42666.0,1.29219565,peak,240.0,True
1min,2023-12-19 14:46:00+00:00,42606.0,42662.8,42582.1,42604.0,12.52470139,peak,120.0,True
1min,2023-12-19 14:51:00+00:00,42367.6,42367.6,42237.1,42239.1,13.5958587,valley,240.0,True
1min,2023-12-19 14:53:00+00:00,42320.9,42361.2,42315.4,42339.0,4.29231852,peak,120.0,True
1H,2023-12-19 14:55:00+00:00,42297.2,42315.2,42231.9,42304.4,2.52566988,valley,7800.0,True
1min,2023-12-19 14:57:00+00:00,42366.2,42411.7,42366.1,42389.6,3.06331406,peak,120.0,True
1min,2023-12-19 14:59:00+00:00,42409.7,42421.5,42366.9,42366.9,2.32761077,peak,300.0,True
1min,2023-12-19 15:02:00+00:00,42271.3,42284.0,42250.6,42284.0,2.09660873,valley,420.0,True
1min,2023-12-19 15:06:00+00:00,42481.0,42500.0,42425.0,42425.0,5.81782797,peak,180.0,True
1min,2023-12-19 15:07:00+00:00,42425.1,42478.4,42405.2,42478.4,11.83779764,valley,180.0,True
1min,2023-12-19 15:13:00+00:00,42587.9,42621.0,42564.0,42585.6,3.14121742,peak,360.0,True
1min,2023-12-19 15:16:00+00:00,42517.7,42547.2,42497.9,42547.2,1.01259594,valley,360.0,True
1min,2023-12-19 15:17:00+00:00,42551.6,42585.5,42547.3,42571.6,1.59964796,peak,120.0,True
1min,2023-12-19 15:20:00+00:00,42627.9,42662.0,42616.6,42656.2,1.96271203,peak,540.0,True
1min,2023-12-19 15:22:00+00:00,42607.4,42611.1,42586.8,42601.8,0.85923316,valley,120.0,True
1min,2023-12-19 15:23:00+00:00,42607.4,42616.0,42604.5,42606.7,1.49564613,peak,120.0,True
1min,2023-12-19 15:25:00+00:00,42588.4,42591.9,42559.4,42568.4,3.49854715,valley,360.0,True
15min,2023-12-19 15:30:00+00:00,42725.9,42742.7,42665.0,42665.0,2.450337,peak,3600.0,True
1min,2023-12-19 15:32:00+00:00,42667.2,42667.2,42631.8,42633.0,1.31520935,valley,120.0,True
1min,2023-12-19 15:37:00+00:00,42586.0,42591.2,42571.0,42590.8,1.54844997,valley,240.0,True
1min,2023-12-19 15:39:00+00:00,42619.3,42632.3,42589.5,42589.6,0.15697281,peak,240.0,True
1min,2023-12-19 15:41:00+00:00,42581.0,42581.0,42566.5,42567.4,0.75151978,valley,300.0,True
1min,2023-12-19 15:44:00+00:00,42585.1,42628.9,42585.1,42618.2,1.84716447,peak,300.0,True
1min,2023-12-19 15:49:00+00:00,42512.7,42524.4,42486.0,42523.5,12.01989849,valley,240.0,True
1min,2023-12-19 15:51:00+00:00,42506.4,42524.3,42496.5,42512.8,0.37416003,valley,120.0,True
1min,2023-12-19 15:52:00+00:00,42512.8,42558.5,42512.8,42540.3,1.70510331,peak,360.0,True
15min,2023-12-19 15:54:00+00:00,42472.5,42487.7,42437.7,42480.8,10.98927005,valley,2820.0,True
1min,2023-12-19 15:55:00+00:00,42483.3,42493.3,42462.3,42493.3,0.88622769,peak,120.0,True
1min,2023-12-19 15:57:00+00:00,42462.3,42474.1,42458.2,42474.1,1.92992259,valley,180.0,True
1min,2023-12-19 15:59:00+00:00,42474.4,42502.9,42474.3,42483.2,0.63321319,peak,180.0,True
1min,2023-12-19 16:01:00+00:00,42488.1,42488.2,42447.9,42457.9,2.67312734,valley,420.0,True
1min,2023-12-19 16:05:00+00:00,42606.8,42612.5,42580.2,42580.2,1.62302511,peak,420.0,True
1min,2023-12-19 16:06:00+00:00,42580.3,42580.3,42558.3,42558.3,1.62060841,valley,180.0,True
1min,2023-12-19 16:08:00+00:00,42570.0,42600.3,42570.0,42600.0,1.81776696,peak,180.0,True
1min,2023-12-19 16:10:00+00:00,42571.8,42573.0,42543.1,42543.1,0.36436014,valley,420.0,True
15min,2023-12-19 16:12:00+00:00,42596.1,42644.0,42594.9,42643.9,3.11577652,peak,2220.0,True
1min,2023-12-19 16:15:00+00:00,42637.0,42637.1,42602.5,42629.8,4.08395653,peak,120.0,True
1min,2023-12-19 16:15:00+00:00,42637.0,42637.1,42602.5,42629.8,4.08395653,valley,120.0,True
1min,2023-12-19 16:20:00+00:00,42586.2,42586.2,42557.6,42557.7,1.37165005,valley,180.0,True
1min,2023-12-19 16:22:00+00:00,42597.1,42608.4,42586.7,42591.0,4.34168921,peak,180.0,True
1min,2023-12-19 16:23:00+00:00,42591.0,42591.0,42545.7,42545.9,0.44355294,valley,120.0,True
5min,2023-12-19 16:29:00+00:00,42459.0,42467.6,42438.1,42467.4,1.67443515,valley,1020.0,True
1min,2023-12-19 16:31:00+00:00,42483.8,42493.0,42446.9,42450.6,0.55033606,peak,180.0,True
1min,2023-12-19 16:32:00+00:00,42450.7,42472.1,42440.2,42466.0,0.79984449,valley,180.0,True
1min,2023-12-19 16:34:00+00:00,42475.5,42500.0,42451.3,42451.3,4.41842497,valley,120.0,True
1min,2023-12-19 16:34:00+00:00,42475.5,42500.0,42451.3,42451.3,4.41842497,peak,420.0,True
1min,2023-12-19 16:37:00+00:00,42466.2,42488.7,42458.2,42480.4,1.25344614,valley,120.0,True
1min,2023-12-19 16:40:00+00:00,42473.2,42492.8,42459.3,42464.9,1.31468923,peak,300.0,True
1min,2023-12-19 16:41:00+00:00,42464.8,42482.5,42455.1,42482.5,0.858251,valley,240.0,True
1min,2023-12-19 16:42:00+00:00,42482.6,42482.6,42455.1,42461.6,2.76630229,peak,120.0,True
1min,2023-12-19 16:47:00+00:00,42395.9,42395.9,42357.7,42379.9,6.2473884,valley,120.0,True
1min,2023-12-19 16:49:00+00:00,42367.7,42393.8,42339.0,42393.8,8.85202404,valley,480.0,True
1min,2023-12-19 16:51:00+00:00,42412.9,42448.4,42409.2,42444.7,4.56820429,peak,360.0,True
1min,2023-12-19 16:52:00+00:00,42444.6,42444.6,42349.7,42358.5,3.66982835,valley,180.0,True
1min,2023-12-19 16:54:00+00:00,42395.0,42417.2,42386.7,42417.2,3.39013272,peak,120.0,True
1min,2023-12-19 16:58:00+00:00,42309.8,42332.9,42305.7,42305.7,3.5961509,valley,240.0,True
1min,2023-12-19 17:01:00+00:00,42359.5,42359.5,42307.8,42329.7,1.00099408,peak,240.0,True
1min,2023-12-19 17:02:00+00:00,42325.5,42348.9,42284.8,42301.4,4.62296163,valley,120.0,True
1min,2023-12-19 17:07:00+00:00,42109.9,42148.8,42064.0,42114.7,21.47104385,valley,120.0,True
1min,2023-12-19 17:08:00+00:00,42114.7,42149.7,42074.5,42080.5,2.58554954,peak,120.0,True
1min,2023-12-19 17:10:00+00:00,42104.9,42115.6,42031.5,42047.6,6.01479137,peak,120.0,True
1min,2023-12-19 17:12:00+00:00,42024.8,42063.9,41965.0,42058.9,11.54622164,valley,180.0,True
1min,2023-12-19 17:13:00+00:00,42063.7,42114.3,42044.9,42081.7,5.18505458,peak,180.0,True
1min,2023-12-19 17:16:00+00:00,41958.5,42029.1,41905.6,42029.1,65.71358832,valley,540.0,True
1min,2023-12-19 17:17:00+00:00,42034.9,42034.9,41924.1,41930.2,3.47879762,peak,180.0,True
1min,2023-12-19 17:20:00+00:00,41970.7,41991.8,41913.1,41913.2,1.31295048,peak,120.0,True
1min,2023-12-19 17:21:00+00:00,41913.2,41986.0,41906.7,41986.0,0.28088115,valley,180.0,True
1min,2023-12-19 17:22:00+00:00,41989.7,41999.9,41963.1,41996.6,3.04308452,peak,300.0,True
1min,2023-12-19 17:25:00+00:00,41905.7,41930.9,41876.0,41889.8,17.91439363,valley,480.0,True
1min,2023-12-19 17:27:00+00:00,41877.5,41939.1,41876.5,41938.2,2.54199002,valley,120.0,True
1min,2023-12-19 17:29:00+00:00,41987.1,42017.1,41970.2,41970.2,4.78441654,peak,420.0,True
1min,2023-12-19 17:32:00+00:00,41977.5,41995.0,41886.2,41891.0,7.4985854,peak,120.0,True
5min,2023-12-19 17:33:00+00:00,41888.4,41903.3,41859.5,41903.1,17.93977976,valley,1380.0,True
1min,2023-12-19 17:36:00+00:00,41977.8,42017.8,41956.3,42006.0,8.26203494,valley,120.0,True
1min,2023-12-19 17:38:00+00:00,42059.5,42088.0,42059.5,42064.0,9.00130052,peak,540.0,True
1min,2023-12-19 17:40:00+00:00,42082.1,42082.2,41984.0,41991.2,1.39662904,peak,120.0,True
1min,2023-12-19 17:41:00+00:00,41991.2,42000.7,41969.0,41996.5,0.76671401,valley,300.0,True
1min,2023-12-19 17:42:00+00:00,41992.4,42019.8,41978.3,42007.9,1.21775214,peak,120.0,True
15min,2023-12-19 17:47:00+00:00,42087.4,42112.0,42077.2,42110.6,31.94224914,peak,2040.0,True
1min,2023-12-19 17:53:00+00:00,41919.1,41953.9,41906.2,41943.4,5.81269448,valley,120.0,True
1min,2023-12-19 17:54:00+00:00,41943.4,41954.7,41914.2,41929.3,0.74237128,peak,180.0,True
1min,2023-12-19 17:56:00+00:00,41913.0,41913.1,41838.3,41854.0,13.10013943,valley,240.0,True
1H,2023-12-19 18:01:00+00:00,41835.1,41906.3,41811.0,41906.3,7.85288262,valley,21480.0,False
1min,2023-12-19 18:02:00+00:00,41906.3,41931.4,41873.4,41930.4,3.17804674,peak,120.0,True
1min,2023-12-19 18:05:00+00:00,41938.2,41956.4,41921.7,41926.9,0.54814669,peak,120.0,True
1min,2023-12-19 18:06:00+00:00,41927.0,41933.8,41902.8,41910.7,0.96498681,valley,180.0,True
1min,2023-12-19 18:07:00+00:00,41910.6,41978.1,41910.6,41973.8,8.85385108,peak,180.0,True
1min,2023-12-19 18:10:00+00:00,41917.5,41978.5,41900.4,41975.9,2.72890547,valley,420.0,True
1min,2023-12-19 18:15:00+00:00,42047.7,42082.3,42029.1,42072.5,5.82752188,peak,120.0,True
1min,2023-12-19 18:17:00+00:00,42062.6,42092.8,42051.4,42086.4,2.78790047,peak,420.0,True
1min,2023-12-19 18:21:00+00:00,42049.7,42075.3,42030.0,42038.2,2.02388847,valley,360.0,True
1min,2023-12-19 18:24:00+00:00,42072.5,42096.8,42072.4,42088.7,0.95479033,peak,240.0,True
1min,2023-12-19 18:27:00+00:00,42083.5,42090.6,42069.1,42085.8,0.88426603,valley,240.0,True
15min,2023-12-19 18:31:00+00:00,42176.9,42233.5,42176.9,42218.3,8.58534357,peak,1980.0,True
1min,2023-12-19 18:33:00+00:00,42176.0,42209.0,42148.3,42191.4,9.88947169,valley,120.0,True
1min,2023-12-19 18:37:00+00:00,42122.7,42127.0,42105.1,42120.3,0.81519554,valley,540.0,True
1min,2023-12-19 18:42:00+00:00,42181.0,42204.4,42163.8,42200.6,1.42367091,valley,180.0,True
1min,2023-12-19 18:43:00+00:00,42200.7,42210.0,42182.4,42182.4,2.58290443,peak,180.0,True
1min,2023-12-19 18:44:00+00:00,42179.6,42181.2,42165.6,42181.2,0.9256207,valley,120.0,True
1min,2023-12-19 18:46:00+00:00,42201.9,42223.4,42195.0,42214.4,1.95428305,peak,120.0,True
1min,2023-12-19 18:48:00+00:00,42193.0,42226.1,42190.8,42225.6,1.2564186,valley,180.0,True
5min,2023-12-19 18:49:00+00:00,42225.7,42232.9,42211.6,42232.8,1.09799862,peak,900.0,True
1min,2023-12-19 18:51:00+00:00,42195.7,42209.6,42190.8,42206.4,1.07056643,valley,180.0,True
1min,2023-12-19 18:52:00+00:00,42204.3,42214.9,42190.9,42205.3,0.52723111,peak,120.0,True
5min,2023-12-19 18:56:00+00:00,42152.3,42162.0,42138.0,42161.9,0.74821682,valley,1020.0,True
1min,2023-12-19 18:59:00+00:00,42188.8,42214.9,42184.1,42214.9,1.42552212,peak,240.0,True
1min,2023-12-19 19:01:00+00:00,42188.5,42192.5,42171.0,42171.0,0.19215378,valley,180.0,True
5min,2023-12-19 19:04:00+00:00,42215.7,42235.0,42208.9,42234.9,1.35748963,peak,780.0,True
5min,2023-12-19 19:08:00+00:00,42163.4,42163.4,42146.4,42148.0,0.85747371,valley,720.0,True
1min,2023-12-19 19:11:00+00:00,42209.3,42217.1,42190.1,42208.0,1.05068261,valley,120.0,True
1min,2023-12-19 19:11:00+00:00,42209.3,42217.1,42190.1,42208.0,1.05068261,peak,300.0,True
1min,2023-12-19 19:15:00+00:00,42163.9,42182.1,42149.6,42182.1,1.28977699,valley,360.0,True
5min,2023-12-19 19:18:00+00:00,42246.3,42282.3,42246.3,42263.3,3.97816424,peak,840.0,True
1min,2023-12-19 19:22:00+00:00,42211.3,42225.1,42203.5,42224.2,0.43539491,valley,120.0,True
1min,2023-12-19 19:25:00+00:00,42200.2,42203.0,42189.2,42189.3,7.08180712,valley,540.0,True
1H,2023-12-19 19:34:00+00:00,42472.3,42477.1,42436.5,42460.2,6.00591261,peak,8580.0,True
1min,2023-12-19 19:40:00+00:00,42285.0,42322.9,42280.1,42311.3,0.35057228,valley,240.0,True
1min,2023-12-19 19:46:00+00:00,42232.0,42254.6,42224.0,42234.6,2.5128264,valley,120.0,True
5min,2023-12-19 19:48:00+00:00,42224.1,42230.4,42211.7,42230.4,2.91258343,valley,1200.0,True
1min,2023-12-19 19:51:00+00:00,42215.0,42261.0,42215.0,42261.0,2.21209864,valley,120.0,True
1min,2023-12-19 19:55:00+00:00,42307.8,42344.0,42307.7,42324.7,0.31880886,peak,240.0,True
1min,2023-12-19 19:57:00+00:00,42293.6,42328.5,42293.6,42306.6,1.39307387,valley,240.0,True
1min,2023-12-19 19:57:00+00:00,42293.6,42328.5,42293.6,42306.6,1.39307387,peak,120.0,True
1min,2023-12-19 20:00:00+00:00,42342.3,42345.5,42304.3,42308.9,2.71081142,peak,240.0,True
1min,2023-12-19 20:02:00+00:00,42296.4,42313.0,42279.1,42308.3,0.66066082,valley,540.0,True
1min,2023-12-19 20:04:00+00:00,42344.6,42386.3,42344.6,42378.5,7.68889651,peak,240.0,True
1min,2023-12-19 20:05:00+00:00,42378.5,42385.5,42343.2,42343.2,1.47221905,valley,120.0,True
1min,2023-12-19 20:08:00+00:00,42377.4,42394.4,42370.5,42394.4,0.55394646,peak,240.0,True
1min,2023-12-19 20:10:00+00:00,42362.9,42374.8,42336.3,42357.6,3.34772881,valley,240.0,True
15min,2023-12-19 20:12:00+00:00,42375.8,42395.9,42375.8,42393.2,0.26500454,peak,2220.0,True
1min,2023-12-19 20:15:00+00:00,42317.2,42357.1,42316.0,42357.1,1.66747593,valley,240.0,True
1min,2023-12-19 20:16:00+00:00,42357.2,42363.5,42320.9,42321.0,0.35983554,peak,180.0,True
1min,2023-12-19 20:22:00+00:00,42282.7,42307.7,42282.7,42292.3,0.60863708,peak,180.0,True
1min,2023-12-19 20:24:00+00:00,42280.1,42280.1,42255.5,42273.2,0.90054235,valley,420.0,True
1min,2023-12-19 20:28:00+00:00,42282.8,42312.4,42282.8,42291.2,0.60199533,peak,540.0,True
1min,2023-12-19 20:29:00+00:00,42290.0,42298.4,42274.6,42292.9,5.20049287,valley,120.0,True
1min,2023-12-19 20:32:00+00:00,42239.3,42239.3,42166.4,42183.1,11.05772925,valley,180.0,True
1min,2023-12-19 20:34:00+00:00,42209.8,42219.1,42185.9,42202.1,1.86163617,peak,120.0,True
1min,2023-12-19 20:35:00+00:00,42202.0,42202.1,42159.2,42175.1,0.75856337,valley,300.0,True
1min,2023-12-19 20:37:00+00:00,42209.5,42228.0,42209.5,42214.8,0.93795342,peak,300.0,True
1H,2023-12-19 20:40:00+00:00,42189.4,42189.5,42123.3,42146.9,1.85818024,valley,7320.0,True
1min,2023-12-19 20:44:00+00:00,42225.8,42226.1,42201.6,42214.2,1.44439712,peak,120.0,True
1min,2023-12-19 20:46:00+00:00,42200.4,42240.7,42185.6,42240.7,1.20436831,valley,240.0,True
1min,2023-12-19 20:48:00+00:00,42248.7,42274.9,42237.4,42274.9,3.1214693,valley,120.0,True
5min,2023-12-19 20:49:00+00:00,42275.0,42296.1,42264.8,42264.9,1.15989181,peak,780.0,True
1min,2023-12-19 20:55:00+00:00,42192.4,42242.6,42192.4,42233.9,2.43594095,peak,120.0,True
1min,2023-12-19 20:55:00+00:00,42192.4,42242.6,42192.4,42233.9,2.43594095,valley,540.0,True
1min,2023-12-19 20:58:00+00:00,42261.3,42273.3,42261.3,42264.3,1.05227077,peak,180.0,True
1min,2023-12-19 21:00:00+00:00,42231.5,42255.7,42217.7,42239.9,0.50002616,valley,300.0,True
5min,2023-12-19 21:02:00+00:00,42290.4,42299.4,42273.1,42273.1,0.42147245,peak,600.0,True
1min,2023-12-19 21:03:00+00:00,42272.1,42287.5,42260.9,42279.5,0.1764222,valley,120.0,True
1min,2023-12-19 21:07:00+00:00,42257.4,42292.6,42255.5,42292.5,0.26447257,peak,180.0,True
1min,2023-12-19 21:07:00+00:00,42257.4,42292.6,42255.5,42292.5,0.26447257,valley,360.0,True
1min,2023-12-19 21:09:00+00:00,42271.8,42288.6,42267.7,42268.1,0.51702708,valley,120.0,True
1min,2023-12-19 21:10:00+00:00,42271.6,42297.0,42271.6,42279.9,0.80574822,peak,120.0,True
1min,2023-12-19 21:13:00+00:00,42299.9,42312.6,42299.9,42308.2,2.79239055,peak,120.0,True
1min,2023-12-19 21:15:00+00:00,42293.4,42315.4,42288.6,42315.3,0.47388614,peak,180.0,True
1min,2023-12-19 21:16:00+00:00,42315.4,42315.4,42263.8,42266.3,0.65020385,valley,540.0,True
1min,2023-12-19 21:19:00+00:00,42323.3,42338.2,42309.6,42309.6,2.61312195,peak,120.0,True
1min,2023-12-19 21:20:00+00:00,42308.3,42338.0,42308.3,42334.3,3.27972221,valley,120.0,True
5min,2023-12-19 21:25:00+00:00,42378.0,42398.9,42378.0,42384.6,2.04506235,peak,1020.0,True
1min,2023-12-19 21:28:00+00:00,42361.6,42361.7,42346.6,42346.6,1.19811564,valley,300.0,True
1min,2023-12-19 21:30:00+00:00,42365.3,42387.1,42365.3,42384.4,1.02849332,peak,300.0,True
1min,2023-12-19 21:31:00+00:00,42384.5,42384.5,42350.7,42384.4,3.66546961,valley,120.0,True
1min,2023-12-19 21:34:00+00:00,42372.3,42380.6,42354.4,42380.5,0.9861366,valley,120.0,True
1min,2023-12-19 21:34:00+00:00,42372.3,42380.6,42354.4,42380.5,0.9861366,peak,120.0,True
5min,2023-12-19 21:37:00+00:00,42350.7,42350.7,42338.2,42338.2,0.18895598,valley,900.0,True
1min,2023-12-19 21:39:00+00:00,42372.3,42372.3,42361.3,42363.0,0.20609029,peak,120.0,True
1min,2023-12-19 21:40:00+00:00,42360.0,42360.7,42350.8,42360.6,0.06905149,valley,120.0,True
1min,2023-12-19 21:43:00+00:00,42404.7,42419.1,42404.0,42404.1,4.16434226,peak,120.0,True
1min,2023-12-19 21:45:00+00:00,42396.7,42427.9,42386.4,42427.9,0.80242999,valley,180.0,True
1min,2023-12-19 21:47:00+00:00,42443.9,42444.4,42423.0,42437.4,0.37146136,valley,120.0,True
1min,2023-12-19 21:49:00+00:00,42445.0,42457.4,42444.9,42445.3,0.70222668,peak,180.0,True
1min,2023-12-19 21:51:00+00:00,42432.6,42442.6,42406.8,42442.6,0.90796844,valley,360.0,True
1min,2023-12-19 21:52:00+00:00,42438.6,42459.0,42436.3,42455.6,0.39460581,peak,120.0,True
1min,2023-12-19 21:57:00+00:00,42446.8,42485.2,42442.5,42485.2,0.56506887,valley,240.0,True
1H,2023-12-19 21:59:00+00:00,42482.0,42520.0,42482.0,42517.1,3.36840198,peak,7200.0,False
1min,2023-12-19 22:03:00+00:00,42462.9,42471.1,42437.1,42437.1,2.31207254,peak,120.0,True
5min,2023-12-19 22:06:00+00:00,42407.4,42407.4,42310.2,42332.3,7.49229608,valley,720.0,True
1min,2023-12-19 22:09:00+00:00,42360.4,42374.6,42360.3,42374.5,0.17011213,peak,180.0,True
1min,2023-12-19 22:11:00+00:00,42345.5,42345.6,42319.3,42328.7,0.60308323,valley,240.0,True
1min,2023-12-19 22:14:00+00:00,42352.4,42353.9,42348.3,42351.3,0.20126892,peak,240.0,True
1min,2023-12-19 22:15:00+00:00,42351.4,42351.4,42318.4,42327.2,1.83503198,valley,180.0,True
1min,2023-12-19 22:16:00+00:00,42327.2,42352.6,42327.2,42340.1,0.66470241,peak,120.0,True
1min,2023-12-19 22:18:00+00:00,42336.3,42336.4,42288.0,42311.5,2.19168401,valley,420.0,True
1min,2023-12-19 22:20:00+00:00,42323.3,42323.4,42308.8,42310.6,0.63023091,valley,120.0,True
1min,2023-12-19 22:21:00+00:00,42310.5,42330.0,42310.5,42323.7,0.60316514,peak,180.0,True
1min,2023-12-19 22:23:00+00:00,42315.8,42323.2,42307.6,42323.2,0.52416487,valley,120.0,True
5min,2023-12-19 22:25:00+00:00,42313.8,42345.4,42282.0,42345.4,4.31498168,valley,840.0,True
1min,2023-12-19 22:26:00+00:00,42345.1,42350.9,42343.3,42343.3,0.77493301,peak,120.0,True
5min,2023-12-19 22:28:00+00:00,42344.3,42382.4,42344.3,42348.7,0.74871496,peak,1320.0,True
1min,2023-12-19 22:30:00+00:00,42308.7,42336.4,42290.0,42336.4,0.68655503,valley,300.0,True
1min,2023-12-19 22:32:00+00:00,42381.0,42381.1,42351.1,42351.1,0.15989096,peak,240.0,True
1min,2023-12-19 22:33:00+00:00,42351.1,42351.2,42324.6,42324.6,0.85695488,valley,120.0,True
1min,2023-12-19 22:39:00+00:00,42285.6,42285.6,42269.0,42282.8,1.71832414,valley,120.0,True
15min,2023-12-19 22:44:00+00:00,42257.7,42261.8,42253.2,42261.7,0.34686341,valley,1920.0,True
5min,2023-12-19 22:53:00+00:00,42386.2,42407.8,42386.2,42407.7,0.10187774,peak,840.0,True
1min,2023-12-19 23:00:00+00:00,42331.6,42362.4,42327.3,42358.2,0.53880251,peak,180.0,True
1min,2023-12-19 23:01:00+00:00,42362.4,42362.4,42322.2,42322.2,0.1414384,valley,540.0,True
1min,2023-12-19 23:05:00+00:00,42395.0,42403.3,42378.2,42378.2,0.38795135,peak,120.0,True
1min,2023-12-19 23:06:00+00:00,42378.2,42391.8,42370.2,42391.8,0.38077032,valley,180.0,True
15min,2023-12-19 23:07:00+00:00,42392.9,42410.0,42392.9,42399.7,0.63993827,peak,3120.0,False
5min,2023-12-19 23:16:00+00:00,42281.2,42281.2,42243.0,42251.8,0.71348409,valley,1680.0,True
1min,2023-12-19 23:18:00+00:00,42276.9,42284.9,42274.2,42279.0,0.07001252,peak,180.0,True
1min,2023-12-19 23:21:00+00:00,42247.7,42272.9,42247.7,42272.8,0.35912624,peak,120.0,True
1min,2023-12-19 23:21:00+00:00,42247.7,42272.9,42247.7,42272.8,0.35912624,valley,300.0,True
1min,2023-12-19 23:24:00+00:00,42285.5,42288.9,42285.5,42288.9,0.07816725,peak,360.0,True
1min,2023-12-19 23:26:00+00:00,42262.9,42263.0,42251.8,42251.8,0.43333749,valley,300.0,True
1min,2023-12-19 23:33:00+00:00,42313.3,42336.6,42313.2,42327.6,0.72405279,peak,240.0,True
1min,2023-12-19 23:34:00+00:00,42327.6,42327.7,42304.6,42304.7,0.3955596,valley,180.0,True
5min,2023-12-19 23:38:00+00:00,42348.1,42348.4,42344.4,42348.3,0.04804736,peak,1260.0,False
5min,2023-12-19 23:45:00+00:00,42228.9,42244.3,42208.9,42244.3,4.32297461,valley,840.0,False
1min,2023-12-19 23:48:00+00:00,42276.8,42283.3,42269.5,42283.2,0.20326671,peak,300.0,True
1min,2023-12-19 23:51:00+00:00,42252.8,42264.7,42249.3,42264.7,0.64999388,valley,300.0,True
1min,2023-12-19 23:54:00+00:00,42299.2,42300.0,42290.8,42298.0,0.58821701,peak,300.0,False
