date,open,close,low,high,volume
2017-10-06 00:00:00,4301.09,4309.15,4301.0,4309.2,2.75655547
2017-10-06 00:01:00,4303.63,4308.94,4303.63,4308.94,0.10296185
2017-10-06 00:02:00,4308.91,4308.82,4308.82,4309.41,2.61744162
2017-10-06 00:03:00,4309.99,4309.99,4309.99,4309.99,0.09432833
2017-10-06 00:04:00,4305.61,4309.99,4305.61,4309.99,0.44621845
2017-10-06 00:05:00,4312.81,4312.81,4312.81,4312.81,0.023
2017-10-06 00:06:00,4311.92,4312.87,4311.92,4312.87,0.68619031
2017-10-06 00:07:00,4312.65,4312.57,4312.57,4312.65,0.80240249
2017-10-06 00:08:00,4312.52,4312.6,4312.52,4312.69,0.14065331
2017-10-06 00:09:00,4312.6,4312.6,4312.6,4312.6,0.0
2017-10-06 00:10:00,4312.6,4312.6,4312.6,4312.6,0.0
2017-10-06 00:11:00,4313.1,4313.1,4313.1,4313.1,0.05319144
2017-10-06 00:12:00,4313.33,4313.33,4313.33,4313.33,0.013
2017-10-06 00:13:00,4313.08,4313.5,4313.08,4313.5,1.47019244
2017-10-06 00:14:00,4313.5,4313.5,4313.5,4313.5,0.0327032
2017-10-06 00:15:00,4313.5,4313.5,4313.5,4313.5,0.12217529
2017-10-06 00:16:00,4313.24,4313.5,4313.24,4313.5,0.04390233
2017-10-06 00:17:00,4313.5,4313.5,4313.5,4313.5,0.002
2017-10-06 00:18:00,4313.4,4313.08,4313.08,4315.0,0.74773124
2017-10-06 00:19:00,4308.0,4302.69,4302.69,4308.0,4.7982577
2017-10-06 00:20:00,4312.5,4312.5,4312.5,4312.5,0.055678
2017-10-06 00:21:00,4302.69,4294.28,4294.28,4310.55,7.35066274
2017-10-06 00:22:00,4308.19,4303.18,4303.17,4308.19,0.07130277
2017-10-06 00:23:00,4303.2,4309.33,4303.2,4311.81,0.99437062
2017-10-06 00:24:00,4309.53,4308.93,4308.93,4309.53,0.5955104
2017-10-06 00:25:00,4309.69,4309.66,4309.66,4311.57,2.75645108
2017-10-06 00:26:00,4302.29,4302.0,4302.0,4302.29,0.06753618
2017-10-06 00:27:00,4306.03,4306.03,4306.03,4306.03,0.00118316
2017-10-06 00:28:00,4305.84,4302.0,4302.0,4305.84,0.31938107
2017-10-06 00:29:00,4300.82,4280.0,4280.0,4300.82,108.8324383
2017-10-06 00:30:00,4280.0,4296.52,4278.4,4297.0,74.06927855
2017-10-06 00:31:00,4291.0,4281.01,4281.01,4291.0,1.92853884
2017-10-06 00:32:00,4290.94,4291.0,4290.92,4291.0,2.64199797
2017-10-06 00:33:00,4282.51,4293.62,4282.51,4293.62,2.20841406
2017-10-06 00:34:00,4298.7,4296.94,4293.65,4298.7,2.51314049
2017-10-06 00:35:00,4293.67,4296.85,4293.67,4296.85,0.25627345
2017-10-06 00:36:00,4293.93,4296.47,4293.75,4296.47,0.64670853
2017-10-06 00:37:00,4297.79,4297.79,4297.79,4297.79,0.0486
2017-10-06 00:38:00,4300.34,4300.34,4300.34,4300.34,0.54509961
2017-10-06 00:39:00,4293.82,4293.82,4293.82,4293.82,1.625152
2017-10-06 00:40:00,4302.47,4306.03,4302.47,4306.03,4.03459324
2017-10-06 00:41:00,4304.74,4302.47,4302.47,4306.03,5.14357868
2017-10-06 00:42:00,4306.01,4309.91,4306.0,4309.91,4.18122698
2017-10-06 00:43:00,4306.11,4309.95,4305.37,4309.95,2.74436316
2017-10-06 00:44:00,4310.0,4311.33,4309.98,4311.33,3.67966995
2017-10-06 00:45:00,4312.34,4312.1,4311.33,4313.0,51.50585611
2017-10-06 00:46:00,4311.37,4301.15,4301.15,4311.37,6.83200004
2017-10-06 00:47:00,4301.15,4301.15,4301.15,4301.15,0.0
2017-10-06 00:48:00,4303.17,4312.45,4302.4,4312.45,1.71785389
2017-10-06 00:49:00,4312.52,4314.7,4308.14,4314.7,0.7977541
2017-10-06 00:50:00,4314.38,4314.41,4306.36,4314.41,0.24798697
2017-10-06 00:51:00,4315.49,4316.83,4310.11,4316.83,0.82210533
2017-10-06 00:52:00,4310.3,4318.51,4310.3,4318.51,0.60169403
2017-10-06 00:53:00,4318.52,4318.77,4318.52,4318.77,0.03638923
2017-10-06 00:54:00,4318.67,4318.67,4318.67,4318.67,0.00677119
2017-10-06 00:55:00,4318.67,4318.67,4318.67,4318.67,0.0
2017-10-06 00:56:00,4318.6,4318.3,4312.19,4318.77,0.25616967
2017-10-06 00:57:00,4321.78,4325.0,4318.34,4325.0,14.07447783
2017-10-06 00:58:00,4317.38,4313.38,4313.38,4324.98,5.64779405
2017-10-06 00:59:00,4324.98,4317.0,4316.99,4324.98,0.56111583
2017-10-06 01:00:00,4324.99,4317.77,4317.72,4325.0,0.46516825
2017-10-06 01:01:00,4319.8,4319.8,4319.8,4319.8,0.0136076
2017-10-06 01:02:00,4319.8,4319.8,4319.8,4319.8,0.04727905
2017-10-06 01:03:00,4319.8,4325.0,4319.8,4325.0,0.7074829
2017-10-06 01:04:00,4325.0,4334.35,4325.0,4334.35,8.34060076
2017-10-06 01:05:00,4333.25,4333.06,4325.85,4333.82,1.17852482
2017-10-06 01:06:00,4332.43,4328.02,4328.02,4332.43,5.88674551
2017-10-06 01:07:00,4328.48,4328.48,4328.48,4328.48,0.0270626
2017-10-06 01:08:00,4326.02,4326.02,4326.02,4330.46,0.12667351
2017-10-06 01:09:00,4332.43,4326.49,4326.49,4332.43,0.09654477
2017-10-06 01:10:00,4332.43,4332.43,4332.43,4332.43,0.05295412
2017-10-06 01:11:00,4328.3,4330.44,4328.3,4330.44,6.73940415
2017-10-06 01:12:00,4330.52,4330.54,4330.52,4330.54,17.730258
2017-10-06 01:13:00,4333.05,4330.57,4330.57,4333.05,1.92622658
2017-10-06 01:14:00,4331.99,4332.0,4331.99,4332.0,0.06748425
2017-10-06 01:15:00,4332.0,4330.85,4330.85,4334.38,37.87336226
2017-10-06 01:16:00,4332.87,4332.88,4332.87,4332.88,12.28513889
2017-10-06 01:17:00,4331.08,4334.38,4330.89,4334.38,1.21494608
2017-10-06 01:18:00,4331.2,4330.57,4330.57,4331.2,1.00023305
2017-10-06 01:19:00,4330.57,4330.54,4330.54,4330.57,2.34169267
2017-10-06 01:20:00,4330.69,4326.62,4326.62,4330.7,2.391
2017-10-06 01:21:00,4330.71,4330.71,4327.42,4330.71,0.33405551
2017-10-06 01:22:00,4334.18,4333.02,4333.01,4334.18,0.49490524
2017-10-06 01:23:00,4333.01,4327.39,4327.39,4333.02,2.2830016
2017-10-06 01:24:00,4327.39,4325.0,4325.0,4327.39,3.68387672
2017-10-06 01:25:00,4327.89,4327.94,4325.03,4327.94,0.93045687
2017-10-06 01:26:00,4331.8,4331.81,4331.8,4331.81,0.18054747
2017-10-06 01:27:00,4329.93,4329.93,4329.93,4329.93,0.01176874
2017-10-06 01:28:00,4325.1,4325.09,4325.09,4325.1,0.03
2017-10-06 01:29:00,4325.01,4325.01,4325.01,4325.01,0.0208765
2017-10-06 01:30:00,4325.01,4325.01,4325.01,4325.01,0.0
2017-10-06 01:31:00,4325.01,4325.01,4325.01,4325.01,0.0
2017-10-06 01:32:00,4325.01,4330.18,4325.01,4330.18,2.53011402
2017-10-06 01:33:00,4334.36,4334.36,4334.36,4334.36,1.0
2017-10-06 01:34:00,4334.32,4326.27,4326.15,4334.32,0.22834448
2017-10-06 01:35:00,4325.08,4325.01,4325.01,4329.98,1.71778738
2017-10-06 01:36:00,4325.01,4329.99,4325.01,4329.99,2.16577116
2017-10-06 01:37:00,4325.01,4325.05,4325.01,4325.05,3.08442
2017-10-06 01:38:00,4325.06,4325.01,4325.0,4325.07,1.62248287
2017-10-06 01:39:00,4329.95,4329.98,4325.02,4329.98,2.42159644
2017-10-06 01:40:00,4325.01,4329.99,4325.0,4329.99,0.65427375
2017-10-06 01:41:00,4329.99,4329.98,4329.98,4329.99,0.58503912
2017-10-06 01:42:00,4325.05,4329.99,4325.03,4329.99,2.54013401
2017-10-06 01:43:00,4329.45,4329.99,4325.14,4329.99,2.77904305
2017-10-06 01:44:00,4329.99,4329.98,4325.0,4329.99,7.96
2017-10-06 01:45:00,4326.96,4329.87,4325.0,4329.94,0.06274707
2017-10-06 01:46:00,4329.82,4322.1,4320.95,4329.82,8.51345852
2017-10-06 01:47:00,4311.67,4311.57,4308.03,4321.11,11.32084191
2017-10-06 01:48:00,4311.57,4319.59,4311.57,4319.59,5.6384
2017-10-06 01:49:00,4322.8,4318.98,4318.98,4323.98,0.41281448
2017-10-06 01:50:00,4323.64,4316.15,4316.15,4323.64,0.93121925
2017-10-06 01:51:00,4316.15,4316.15,4316.15,4316.15,0.0
2017-10-06 01:52:00,4322.83,4320.68,4320.68,4322.83,0.03347784
2017-10-06 01:53:00,4320.68,4320.68,4320.68,4320.68,0.0
2017-10-06 01:54:00,4320.68,4320.68,4320.68,4320.68,0.0
2017-10-06 01:55:00,4320.75,4320.75,4320.75,4320.75,0.10700519
2017-10-06 01:56:00,4320.75,4320.75,4320.75,4320.75,0.0
2017-10-06 01:57:00,4322.72,4324.7,4322.72,4324.7,0.05956985
2017-10-06 01:58:00,4324.78,4324.67,4324.67,4324.78,0.05168862
2017-10-06 01:59:00,4323.76,4324.0,4323.76,4324.0,6.8399439
2017-10-06 02:00:00,4323.8,4327.24,4323.8,4327.24,0.08624273
2017-10-06 02:01:00,4327.33,4329.51,4327.33,4329.99,5.36998187
2017-10-06 02:02:00,4326.61,4324.55,4324.55,4329.99,2.15092674
2017-10-06 02:03:00,4329.98,4329.99,4329.98,4329.99,2.83614227
2017-10-06 02:04:00,4325.25,4325.25,4325.25,4325.25,0.01862213
2017-10-06 02:05:00,4325.35,4325.67,4325.35,4329.99,0.891368
2017-10-06 02:06:00,4329.98,4324.55,4324.55,4329.98,2.82557164
2017-10-06 02:07:00,4324.67,4324.67,4324.67,4324.67,0.02925273
2017-10-06 02:08:00,4329.9,4329.9,4329.9,4329.9,0.02119444
2017-10-06 02:09:00,4329.95,4325.16,4325.16,4329.98,0.04318156
2017-10-06 02:10:00,4324.55,4324.54,4324.54,4324.55,10.16035827
2017-10-06 02:11:00,4320.86,4320.86,4320.86,4320.86,0.19265877
2017-10-06 02:12:00,4320.86,4320.86,4320.86,4320.86,0.0
2017-10-06 02:13:00,4322.99,4322.99,4321.01,4323.0,1.02074327
2017-10-06 02:14:00,4322.99,4323.0,4322.99,4323.0,2.71940003
2017-10-06 02:15:00,4323.0,4323.0,4323.0,4323.0,6.79427279
2017-10-06 02:16:00,4324.54,4328.63,4324.54,4328.63,0.6304
2017-10-06 02:17:00,4328.23,4328.25,4328.23,4328.25,0.05966035
2017-10-06 02:18:00,4328.25,4328.25,4328.25,4328.25,0.0
2017-10-06 02:19:00,4329.38,4324.31,4324.21,4329.38,5.0
2017-10-06 02:20:00,4324.31,4324.31,4324.31,4324.31,0.0
2017-10-06 02:21:00,4324.31,4324.31,4324.31,4324.31,0.0
2017-10-06 02:22:00,4329.65,4329.65,4329.65,4329.65,0.02340963
2017-10-06 02:23:00,4329.61,4323.02,4321.0,4329.61,0.40946262
2017-10-06 02:24:00,4323.0,4321.0,4321.0,4323.0,0.25614157
2017-10-06 02:25:00,4322.48,4322.5,4322.48,4322.5,0.53599523
2017-10-06 02:26:00,4322.5,4321.07,4321.06,4322.5,0.32247201
2017-10-06 02:27:00,4322.5,4323.33,4321.1,4323.33,2.22825609
2017-10-06 02:28:00,4323.33,4323.33,4323.33,4323.33,0.0
2017-10-06 02:29:00,4323.09,4313.51,4313.51,4323.09,5.57926912
2017-10-06 02:30:00,4322.11,4321.67,4321.67,4322.11,0.07283759
2017-10-06 02:31:00,4321.71,4322.67,4321.71,4326.05,2.42102395
2017-10-06 02:32:00,4323.43,4322.58,4319.19,4323.43,0.61196165
2017-10-06 02:33:00,4322.76,4322.79,4322.76,4322.8,3.29324515
2017-10-06 02:34:00,4322.8,4322.86,4322.8,4323.0,0.25440354
2017-10-06 02:35:00,4317.16,4323.0,4317.16,4323.0,2.79727636
2017-10-06 02:36:00,4323.0,4323.0,4323.0,4323.0,0.0
2017-10-06 02:37:00,4321.95,4315.04,4315.04,4321.97,0.05142978
2017-10-06 02:38:00,4321.95,4322.0,4321.95,4322.0,1.5
2017-10-06 02:39:00,4318.06,4312.76,4312.75,4318.06,3.01846414
2017-10-06 02:40:00,4315.58,4310.6,4310.6,4315.58,2.32852065
2017-10-06 02:41:00,4310.63,4316.8,4310.6,4317.09,0.76531921
2017-10-06 02:42:00,4316.76,4316.73,4316.73,4318.06,0.53883085
2017-10-06 02:43:00,4311.67,4311.67,4311.67,4311.67,0.004641
2017-10-06 02:44:00,4313.45,4318.06,4313.45,4318.06,0.24403625
2017-10-06 02:45:00,4318.06,4314.19,4314.19,4322.77,2.25080798
2017-10-06 02:46:00,4320.89,4320.9,4320.89,4320.91,0.15569791
2017-10-06 02:47:00,4321.47,4321.46,4321.46,4321.47,0.09600681
2017-10-06 02:48:00,4322.59,4322.59,4322.59,4322.59,1.23003154
2017-10-06 02:49:00,4322.59,4322.59,4322.59,4322.59,0.0
2017-10-06 02:50:00,4322.59,4322.59,4322.59,4322.59,0.0
2017-10-06 02:51:00,4322.59,4322.59,4322.59,4322.59,0.0
2017-10-06 02:52:00,4320.32,4320.71,4315.32,4320.79,2.26302632
2017-10-06 02:53:00,4320.65,4320.63,4320.63,4320.65,0.64270049
2017-10-06 02:54:00,4313.44,4313.44,4313.44,4313.44,0.029339
2017-10-06 02:55:00,4313.44,4313.44,4313.44,4313.44,0.0
2017-10-06 02:56:00,4320.0,4322.99,4320.0,4322.99,0.7444722
2017-10-06 02:57:00,4323.0,4323.0,4323.0,4323.0,0.11345594
2017-10-06 02:58:00,4320.02,4320.02,4320.02,4320.02,0.01855637
2017-10-06 02:59:00,4311.48,4311.45,4311.45,4311.48,3.0294073
2017-10-06 03:00:00,4310.87,4310.87,4310.87,4310.87,0.05
2017-10-06 03:01:00,4310.87,4310.87,4310.87,4310.87,0.0
2017-10-06 03:02:00,4310.87,4310.87,4310.87,4310.87,0.0
2017-10-06 03:03:00,4318.58,4316.8,4316.8,4318.6,5.68319087
2017-10-06 03:04:00,4314.28,4316.79,4312.02,4316.79,1.19416423
2017-10-06 03:05:00,4315.01,4315.04,4315.01,4316.8,7.04085502
2017-10-06 03:06:00,4316.8,4316.8,4316.8,4316.8,4.07082479
2017-10-06 03:07:00,4315.11,4316.8,4315.11,4316.8,1.21526381
2017-10-06 03:08:00,4316.8,4317.12,4316.8,4317.12,0.31772759
2017-10-06 03:09:00,4317.12,4322.79,4317.12,4322.79,0.93090608
2017-10-06 03:10:00,4322.79,4322.79,4322.79,4322.79,0.0
2017-10-06 03:11:00,4316.8,4315.24,4315.24,4316.8,0.18351456
2017-10-06 03:12:00,4317.12,4317.11,4317.11,4318.2,0.4799169
2017-10-06 03:13:00,4322.35,4320.55,4320.55,4322.35,0.00749293
2017-10-06 03:14:00,4320.72,4320.72,4320.72,4320.72,0.10619758
2017-10-06 03:15:00,4315.44,4315.44,4315.44,4315.44,1.736
2017-10-06 03:16:00,4320.52,4318.05,4318.05,4320.52,0.08534297
2017-10-06 03:17:00,4318.05,4318.05,4318.05,4318.05,0.0
2017-10-06 03:18:00,4323.0,4323.0,4322.99,4323.0,1.38392254
2017-10-06 03:19:00,4323.0,4323.0,4323.0,4323.0,4.59549171
2017-10-06 03:20:00,4323.0,4323.0,4323.0,4323.0,1.38109466
2017-10-06 03:21:00,4323.0,4323.0,4323.0,4323.0,0.10614156
2017-10-06 03:22:00,4322.99,4322.99,4322.99,4322.99,2.72228413
2017-10-06 03:23:00,4322.99,4322.99,4322.99,4322.99,0.0
2017-10-06 03:24:00,4322.98,4322.98,4322.98,4322.98,0.05306987
2017-10-06 03:25:00,4322.99,4318.74,4318.74,4322.99,1.046641
2017-10-06 03:26:00,4318.74,4318.74,4318.74,4318.74,0.0
2017-10-06 03:27:00,4318.77,4323.0,4318.77,4323.0,0.23308036
2017-10-06 03:28:00,4323.0,4323.0,4323.0,4323.0,0.04042863
2017-10-06 03:29:00,4323.0,4323.0,4323.0,4323.0,0.0
2017-10-06 03:30:00,4323.0,4323.0,4323.0,4323.0,0.0
2017-10-06 03:31:00,4318.67,4321.29,4318.67,4321.29,0.02124506
2017-10-06 03:32:00,4322.99,4318.53,4318.53,4322.99,0.24567821
2017-10-06 03:33:00,4322.96,4322.85,4322.85,4322.96,0.28131148
2017-10-06 03:34:00,4318.6,4322.94,4318.6,4322.94,0.15993156
2017-10-06 03:35:00,4318.39,4319.98,4318.39,4319.98,1.98783577
2017-10-06 03:36:00,4318.47,4318.37,4318.35,4323.0,6.03597976
2017-10-06 03:37:00,4318.06,4314.49,4314.49,4322.94,27.27705046
2017-10-06 03:38:00,4317.64,4320.11,4314.49,4321.9,5.42263215
2017-10-06 03:39:00,4320.1,4319.71,4319.71,4321.67,0.24485535
2017-10-06 03:40:00,4319.71,4322.03,4316.61,4323.0,1.55635057
2017-10-06 03:41:00,4322.03,4322.99,4320.96,4322.99,0.27108154
2017-10-06 03:42:00,4321.95,4323.79,4321.95,4323.79,1.16747873
2017-10-06 03:43:00,4323.12,4327.14,4323.12,4327.14,0.22030725
2017-10-06 03:44:00,4327.19,4323.1,4323.1,4328.95,12.96281537
2017-10-06 03:45:00,4328.87,4328.77,4323.1,4328.93,3.80340579
2017-10-06 03:46:00,4328.71,4328.8,4328.32,4328.84,0.17661915
2017-10-06 03:47:00,4328.65,4328.65,4328.65,4328.65,0.02304386
2017-10-06 03:48:00,4327.16,4323.1,4323.1,4327.16,5.44176247
2017-10-06 03:49:00,4323.1,4323.1,4323.1,4323.1,0.0
2017-10-06 03:50:00,4322.01,4322.01,4322.01,4322.01,0.04493042
2017-10-06 03:51:00,4322.01,4322.01,4322.01,4322.01,0.0
2017-10-06 03:52:00,4320.0,4320.0,4320.0,4320.0,0.10374
2017-10-06 03:53:00,4320.01,4320.01,4320.0,4320.01,0.28
2017-10-06 03:54:00,4320.0,4320.0,4320.0,4320.0,0.16
2017-10-06 03:55:00,4320.0,4320.0,4320.0,4322.42,0.72873717
2017-10-06 03:56:00,4320.0,4320.0,4320.0,4322.35,1.25534616
2017-10-06 03:57:00,4320.0,4320.0,4320.0,4320.0,0.28
2017-10-06 03:58:00,4322.14,4320.0,4320.0,4322.69,3.38257695
2017-10-06 03:59:00,4322.05,4320.0,4320.0,4322.05,5.13013335
2017-10-06 04:00:00,4320.0,4322.55,4320.0,4322.57,3.97820731
2017-10-06 04:01:00,4322.42,4317.0,4317.0,4322.55,3.18
2017-10-06 04:02:00,4317.0,4317.01,4317.0,4317.01,0.08925
2017-10-06 04:03:00,4318.93,4315.95,4315.0,4318.93,15.97143365
2017-10-06 04:04:00,4315.93,4316.71,4315.92,4322.48,7.69272451
2017-10-06 04:05:00,4316.71,4316.71,4316.71,4316.71,0.0
2017-10-06 04:06:00,4320.61,4320.61,4320.61,4320.61,0.03798161
2017-10-06 04:07:00,4317.11,4312.78,4312.0,4317.11,21.65707905
2017-10-06 04:08:00,4313.26,4314.04,4310.5,4314.04,3.04399783
2017-10-06 04:09:00,4314.03,4310.51,4310.5,4314.03,3.15677662
2017-10-06 04:10:00,4310.5,4310.48,4306.2,4310.5,2.71609124
2017-10-06 04:11:00,4309.61,4309.6,4309.6,4309.61,1.44240893
2017-10-06 04:12:00,4309.61,4309.6,4309.6,4309.61,1.49964
2017-10-06 04:13:00,4309.6,4309.6,4309.6,4309.6,0.0
2017-10-06 04:14:00,4310.51,4312.2,4310.51,4312.2,10.010065
2017-10-06 04:15:00,4309.61,4309.61,4309.61,4309.61,1.49964
2017-10-06 04:16:00,4312.18,4314.57,4312.18,4314.57,1.44897394
2017-10-06 04:17:00,4319.23,4312.26,4312.26,4319.24,1.014012
2017-10-06 04:18:00,4314.56,4315.01,4314.56,4315.01,6.50603
2017-10-06 04:19:00,4315.01,4315.01,4315.01,4315.01,0.0
2017-10-06 04:20:00,4315.58,4315.58,4315.58,4315.58,0.00793077
2017-10-06 04:21:00,4315.58,4315.58,4315.58,4315.58,0.44123299
2017-10-06 04:22:00,4315.58,4315.58,4315.58,4315.58,0.0
2017-10-06 04:23:00,4315.58,4315.58,4315.58,4315.58,0.41872619
2017-10-06 04:24:00,4315.58,4315.58,4315.58,4315.58,0.05316087
2017-10-06 04:25:00,4315.3,4315.3,4315.3,4315.3,0.5
2017-10-06 04:26:00,4315.35,4315.35,4315.35,4315.35,0.01
2017-10-06 04:27:00,4315.58,4315.0,4315.0,4315.58,3.68628852
2017-10-06 04:28:00,4317.52,4315.03,4315.03,4317.53,0.41484706
2017-10-06 04:29:00,4317.54,4317.54,4317.54,4317.54,0.21486309
2017-10-06 04:30:00,4315.08,4315.0,4315.0,4315.08,7.77163649
2017-10-06 04:31:00,4316.2,4316.21,4316.2,4316.21,0.21492734
2017-10-06 04:32:00,4316.2,4312.87,4312.87,4316.21,1.38547836
2017-10-06 04:33:00,4316.2,4308.58,4308.58,4316.2,3.42182522
2017-10-06 04:34:00,4308.51,4306.09,4305.05,4316.17,2.62969317
2017-10-06 04:35:00,4310.12,4312.91,4310.12,4315.8,3.93218836
2017-10-06 04:36:00,4312.91,4315.8,4310.17,4315.8,0.44847587
2017-10-06 04:37:00,4310.18,4310.0,4310.0,4310.18,19.8723
2017-10-06 04:38:00,4310.18,4310.64,4310.18,4314.32,0.10536748
2017-10-06 04:39:00,4310.64,4314.12,4310.64,4316.99,3.00903764
2017-10-06 04:40:00,4314.12,4309.08,4309.08,4318.45,0.59238828
2017-10-06 04:41:00,4312.29,4314.91,4312.29,4314.91,1.4303065
2017-10-06 04:42:00,4314.91,4314.35,4314.32,4314.91,1.83591774
2017-10-06 04:43:00,4314.35,4314.1,4314.1,4314.35,0.31504282
2017-10-06 04:44:00,4314.11,4314.86,4314.11,4314.86,0.69913634
2017-10-06 04:45:00,4314.92,4314.92,4314.92,4314.92,0.013244
2017-10-06 04:46:00,4314.22,4313.7,4313.7,4316.38,0.23473292
2017-10-06 04:47:00,4316.38,4316.38,4316.38,4316.38,0.21491851
2017-10-06 04:48:00,4317.19,4313.98,4313.92,4317.19,0.65432915
2017-10-06 04:49:00,4317.2,4317.2,4317.2,4317.2,0.02125683
2017-10-06 04:50:00,4317.2,4324.2,4317.2,4325.0,7.7949928
2017-10-06 04:51:00,4325.0,4325.0,4325.0,4325.0,1.091717
2017-10-06 04:52:00,4325.02,4325.03,4324.57,4325.03,0.61559715
2017-10-06 04:53:00,4324.79,4324.8,4318.71,4324.81,0.17147977
2017-10-06 04:54:00,4318.15,4323.6,4318.15,4323.6,0.23589867
2017-10-06 04:55:00,4323.59,4318.21,4318.21,4323.6,5.1173794
2017-10-06 04:56:00,4318.21,4318.21,4318.21,4318.21,0.0
2017-10-06 04:57:00,4323.26,4324.0,4323.26,4324.0,4.5742
2017-10-06 04:58:00,4324.0,4324.0,4324.0,4324.0,0.0
2017-10-06 04:59:00,4324.0,4324.0,4324.0,4324.0,0.0
2017-10-06 05:00:00,4324.0,4324.0,4324.0,4324.0,0.0
2017-10-06 05:01:00,4318.29,4321.04,4318.29,4321.04,4.09541091
2017-10-06 05:02:00,4319.37,4324.91,4319.37,4324.91,1.25757098
2017-10-06 05:03:00,4324.87,4319.43,4319.43,4324.87,1.06225233
2017-10-06 05:04:00,4325.0,4325.0,4324.26,4325.0,0.48882289
2017-10-06 05:05:00,4324.91,4324.91,4324.91,4324.91,1.46071529
2017-10-06 05:06:00,4324.92,4324.54,4324.54,4324.92,2.05492864
2017-10-06 05:07:00,4324.54,4314.27,4313.78,4324.54,7.06722491
2017-10-06 05:08:00,4313.84,4320.5,4313.84,4320.5,0.89163347
2017-10-06 05:09:00,4318.74,4318.72,4318.72,4318.74,0.19537877
2017-10-06 05:10:00,4318.71,4320.0,4318.71,4320.0,3.80572489
2017-10-06 05:11:00,4320.0,4320.01,4320.0,4320.62,1.22247305
2017-10-06 05:12:00,4320.0,4320.88,4320.0,4320.88,2.2096557
2017-10-06 05:13:00,4320.95,4320.0,4320.0,4322.47,3.6085329
2017-10-06 05:14:00,4321.44,4319.43,4313.08,4322.4,1.28829882
2017-10-06 05:15:00,4319.46,4319.47,4318.39,4319.47,0.64725946
2017-10-06 05:16:00,4319.47,4319.64,4319.47,4323.59,0.56151866
2017-10-06 05:17:00,4319.64,4322.43,4319.64,4322.43,0.10390999
2017-10-06 05:18:00,4322.43,4320.0,4316.65,4322.43,2.82144182
2017-10-06 05:19:00,4320.0,4316.14,4316.14,4320.0,0.17119676
2017-10-06 05:20:00,4320.0,4320.0,4316.1,4320.0,5.06602033
2017-10-06 05:21:00,4320.0,4316.79,4316.67,4320.0,8.16234648
2017-10-06 05:22:00,4317.96,4318.13,4317.96,4318.15,0.34080444
2017-10-06 05:23:00,4320.0,4320.0,4320.0,4320.0,0.09243938
2017-10-06 05:24:00,4320.0,4319.23,4319.23,4320.0,0.14682222
2017-10-06 05:25:00,4319.23,4319.23,4319.23,4319.23,0.0
2017-10-06 05:26:00,4319.99,4319.03,4319.03,4320.53,0.71747117
2017-10-06 05:27:00,4319.99,4319.99,4319.97,4319.99,5.09654109
2017-10-06 05:28:00,4319.99,4319.99,4319.99,4321.78,50.38577234
2017-10-06 05:29:00,4322.14,4322.13,4322.13,4322.14,1.181913
2017-10-06 05:30:00,4324.54,4320.06,4320.05,4325.0,2.61409235
2017-10-06 05:31:00,4325.0,4325.21,4325.0,4325.21,0.27365906
2017-10-06 05:32:00,4325.21,4336.16,4325.21,4336.16,66.36162573
2017-10-06 05:33:00,4335.51,4341.15,4335.51,4342.0,3.83527465
2017-10-06 05:34:00,4341.98,4345.66,4339.46,4345.66,6.67737115
2017-10-06 05:35:00,4345.63,4347.64,4342.21,4347.64,7.21870098
2017-10-06 05:36:00,4347.29,4346.78,4346.78,4347.99,5.85924902
2017-10-06 05:37:00,4347.84,4346.63,4346.63,4347.88,0.72611016
2017-10-06 05:38:00,4346.63,4346.63,4346.63,4346.63,0.0
2017-10-06 05:39:00,4347.89,4350.0,4347.89,4350.0,12.40169399
2017-10-06 05:40:00,4350.0,4350.01,4350.0,4355.0,5.99698583
2017-10-06 05:41:00,4350.0,4354.65,4350.0,4354.65,1.9583483
2017-10-06 05:42:00,4352.61,4350.72,4350.72,4354.63,0.0658055
2017-10-06 05:43:00,4350.69,4350.69,4350.69,4350.69,2.3201
2017-10-06 05:44:00,4354.4,4354.47,4354.4,4354.47,0.14084953
2017-10-06 05:45:00,4354.47,4354.65,4354.47,4354.65,0.50200484
2017-10-06 05:46:00,4354.65,4356.05,4351.74,4356.05,16.19687313
2017-10-06 05:47:00,4356.05,4356.05,4356.05,4356.05,0.11591507
2017-10-06 05:48:00,4356.0,4357.41,4350.92,4357.41,45.41274539
2017-10-06 05:49:00,4357.71,4359.99,4357.0,4359.99,26.43268101
2017-10-06 05:50:00,4359.99,4360.5,4357.07,4366.3,11.59436818
2017-10-06 05:51:00,4362.19,4361.01,4359.64,4369.01,20.67824468
2017-10-06 05:52:00,4367.85,4377.83,4367.85,4377.83,94.73850083
2017-10-06 05:53:00,4370.01,4370.07,4370.01,4377.83,36.45764842
2017-10-06 05:54:00,4370.01,4370.0,4370.0,4376.0,17.56028397
2017-10-06 05:55:00,4370.4,4377.65,4370.23,4377.65,1.13745885
2017-10-06 05:56:00,4376.59,4380.0,4371.15,4380.0,31.81016705
2017-10-06 05:57:00,4380.24,4376.74,4371.0,4385.0,31.40158857
2017-10-06 05:58:00,4380.0,4385.02,4380.0,4385.02,8.58237774
2017-10-06 05:59:00,4385.44,4395.0,4385.44,4395.0,25.12390999
2017-10-06 06:00:00,4390.02,4390.67,4384.47,4392.89,9.16298391
2017-10-06 06:01:00,4390.7,4385.2,4385.0,4392.78,45.63175487
2017-10-06 06:02:00,4383.11,4381.03,4381.03,4389.05,6.87703116
2017-10-06 06:03:00,4386.03,4381.0,4381.0,4389.15,5.79776551
2017-10-06 06:04:00,4382.0,4371.4,4370.5,4384.47,4.62308046
2017-10-06 06:05:00,4383.78,4377.55,4376.61,4383.84,1.82187473
2017-10-06 06:06:00,4377.23,4367.0,4362.45,4381.36,29.15507549
2017-10-06 06:07:00,4367.01,4369.31,4367.01,4373.87,3.65120791
2017-10-06 06:08:00,4373.88,4384.0,4373.88,4384.0,6.52056116
2017-10-06 06:09:00,4386.11,4372.11,4372.11,4387.0,13.67613842
2017-10-06 06:10:00,4372.23,4372.23,4372.23,4372.23,0.02
2017-10-06 06:11:00,4376.96,4378.16,4376.96,4378.16,1.4079175
2017-10-06 06:12:00,4378.16,4378.16,4378.16,4378.16,0.0
2017-10-06 06:13:00,4375.49,4378.16,4375.49,4378.16,0.05085774
2017-10-06 06:14:00,4378.16,4376.93,4375.05,4378.17,1.72003448
2017-10-06 06:15:00,4378.16,4370.9,4370.9,4378.16,1.170526
2017-10-06 06:16:00,4377.28,4383.8,4377.28,4383.8,5.52826815
2017-10-06 06:17:00,4388.27,4390.02,4388.27,4390.02,9.16682691
2017-10-06 06:18:00,4390.03,4390.01,4390.0,4390.03,1.12009914
2017-10-06 06:19:00,4392.19,4390.0,4390.0,4393.0,5.22009778
2017-10-06 06:20:00,4390.0,4390.0,4390.0,4390.0,0.03990223
2017-10-06 06:21:00,4390.0,4392.82,4390.0,4392.82,0.14994651
2017-10-06 06:22:00,4387.01,4386.97,4386.97,4387.01,2.6
2017-10-06 06:23:00,4387.0,4388.9,4387.0,4388.9,0.21175972
2017-10-06 06:24:00,4386.02,4386.0,4386.0,4386.02,0.76485654
2017-10-06 06:25:00,4387.0,4385.99,4385.1,4387.0,2.32227714
2017-10-06 06:26:00,4385.1,4383.0,4383.0,4385.1,0.52166373
2017-10-06 06:27:00,4383.0,4380.0,4380.0,4383.0,2.0
2017-10-06 06:28:00,4380.0,4377.24,4377.24,4380.0,0.5
2017-10-06 06:29:00,4376.0,4382.05,4376.0,4382.05,1.97026219
2017-10-06 06:30:00,4380.98,4380.97,4376.1,4380.98,5.03792843
2017-10-06 06:31:00,4377.3,4374.01,4371.32,4377.3,0.49206392
2017-10-06 06:32:00,4376.36,4376.36,4376.36,4376.36,0.3
2017-10-06 06:33:00,4380.89,4384.48,4380.89,4384.48,0.57822734
2017-10-06 06:34:00,4375.22,4382.03,4375.22,4382.03,0.55067107
2017-10-06 06:35:00,4382.03,4382.03,4382.03,4382.03,0.0
2017-10-06 06:36:00,4382.03,4382.03,4382.03,4382.03,0.0
2017-10-06 06:37:00,4382.03,4389.99,4379.42,4389.99,62.23793166
2017-10-06 06:38:00,4390.0,4393.79,4390.0,4393.79,0.45830606
2017-10-06 06:39:00,4393.79,4395.61,4393.79,4396.03,10.92758701
2017-10-06 06:40:00,4395.68,4395.68,4395.68,4396.07,0.91171785
2017-10-06 06:41:00,4395.76,4398.99,4392.62,4399.72,13.26121347
2017-10-06 06:42:00,4399.0,4401.76,4399.0,4402.0,69.69382713
2017-10-06 06:43:00,4401.98,4415.6,4400.01,4417.0,174.5775224
2017-10-06 06:44:00,4415.82,4414.8,4414.8,4415.82,104.431256
2017-10-06 06:45:00,4414.0,4400.0,4400.0,4414.0,49.63433867
2017-10-06 06:46:00,4400.75,4392.79,4392.79,4407.43,6.29174733
2017-10-06 06:47:00,4395.61,4395.84,4395.61,4407.77,6.39676563
2017-10-06 06:48:00,4398.77,4403.09,4398.77,4409.86,3.75027957
2017-10-06 06:49:00,4403.09,4403.09,4403.09,4403.09,0.02024668
2017-10-06 06:50:00,4403.1,4401.0,4401.0,4405.66,3.21037862
2017-10-06 06:51:00,4404.19,4401.0,4401.0,4406.0,2.385748
2017-10-06 06:52:00,4403.92,4401.0,4401.0,4403.92,4.505188
2017-10-06 06:53:00,4401.0,4389.99,4389.99,4401.0,7.70185381
2017-10-06 06:54:00,4390.0,4394.26,4387.53,4400.22,4.18175808
2017-10-06 06:55:00,4394.26,4399.64,4394.26,4399.64,0.08111571
2017-10-06 06:56:00,4399.74,4399.52,4392.96,4399.74,2.22542669
2017-10-06 06:57:00,4399.52,4393.98,4388.26,4399.52,6.61665997
2017-10-06 06:58:00,4392.96,4400.83,4392.95,4400.96,6.66260049
2017-10-06 06:59:00,4400.78,4400.77,4400.75,4400.78,0.04
2017-10-06 07:00:00,4400.71,4401.95,4400.71,4402.01,0.1868234
2017-10-06 07:01:00,4402.32,4412.79,4402.32,4412.97,33.94618913
2017-10-06 07:02:00,4412.7,4410.37,4402.67,4413.47,4.81098689
2017-10-06 07:03:00,4410.32,4413.29,4410.0,4413.4,8.95281215
2017-10-06 07:04:00,4412.92,4416.55,4410.0,4420.0,79.2993601
2017-10-06 07:05:00,4416.53,4415.9,4410.0,4416.53,13.31671343
2017-10-06 07:06:00,4415.87,4421.17,4410.0,4421.17,14.06004227
2017-10-06 07:07:00,4421.44,4420.15,4411.33,4425.0,88.1283735
2017-10-06 07:08:00,4420.15,4417.79,4413.29,4421.99,6.87202373
2017-10-06 07:09:00,4419.92,4419.71,4417.77,4419.99,3.19023724
2017-10-06 07:10:00,4415.81,4417.48,4414.59,4417.8,8.62752207
2017-10-06 07:11:00,4417.44,4417.0,4417.0,4419.92,0.59757244
2017-10-06 07:12:00,4417.5,4412.26,4411.33,4419.92,9.04133142
2017-10-06 07:13:00,4411.08,4409.97,4402.72,4411.52,19.69030733
2017-10-06 07:14:00,4409.95,4411.36,4402.93,4411.36,7.66448672
2017-10-06 07:15:00,4411.36,4404.12,4403.57,4411.37,4.13993946
2017-10-06 07:16:00,4411.0,4410.74,4402.78,4411.35,13.22404292
2017-10-06 07:17:00,4411.34,4409.99,4404.48,4411.34,2.09809872
2017-10-06 07:18:00,4410.0,4409.0,4409.0,4410.0,0.64177138
2017-10-06 07:19:00,4409.45,4409.71,4409.0,4410.0,16.03536883
2017-10-06 07:20:00,4410.0,4409.7,4409.7,4412.01,5.10056663
2017-10-06 07:21:00,4409.01,4410.03,4408.0,4410.36,6.63406519
2017-10-06 07:22:00,4408.01,4413.77,4408.0,4414.82,9.87011453
2017-10-06 07:23:00,4412.02,4414.9,4412.02,4414.92,7.03894278
2017-10-06 07:24:00,4413.67,4414.93,4412.0,4415.0,5.47530588
2017-10-06 07:25:00,4414.9,4412.57,4408.0,4414.92,12.51768213
2017-10-06 07:26:00,4408.0,4407.51,4402.19,4408.0,10.51483893
2017-10-06 07:27:00,4407.51,4402.19,4402.19,4408.0,7.82385504
2017-10-06 07:28:00,4406.0,4408.53,4400.17,4408.53,7.69823444
2017-10-06 07:29:00,4410.0,4408.97,4400.01,4410.0,2.19454837
2017-10-06 07:30:00,4409.22,4400.0,4400.0,4409.22,3.015814
2017-10-06 07:31:00,4400.0,4403.32,4400.0,4406.34,6.81880211
2017-10-06 07:32:00,4403.32,4405.81,4400.02,4406.37,4.96330258
2017-10-06 07:33:00,4400.01,4399.73,4399.72,4405.84,11.84060452
2017-10-06 07:34:00,4399.72,4404.85,4399.72,4405.84,3.88579992
2017-10-06 07:35:00,4399.75,4404.89,4399.72,4405.83,7.42824196
2017-10-06 07:36:00,4404.89,4404.8,4399.75,4404.9,2.6073463
2017-10-06 07:37:00,4402.31,4399.74,4399.72,4408.18,16.0316654
2017-10-06 07:38:00,4407.95,4407.48,4399.0,4408.02,45.03729086
2017-10-06 07:39:00,4402.96,4396.41,4390.25,4402.96,16.01264778
2017-10-06 07:40:00,4392.4,4390.09,4387.0,4398.22,20.11258284
2017-10-06 07:41:00,4387.0,4388.78,4385.0,4390.07,28.96132414
2017-10-06 07:42:00,4388.0,4387.99,4387.99,4388.0,0.191761
2017-10-06 07:43:00,4388.0,4389.05,4388.0,4389.05,5.00965997
2017-10-06 07:44:00,4389.05,4383.52,4383.52,4394.49,5.394779
2017-10-06 07:45:00,4396.15,4393.93,4390.11,4399.0,4.43358825
2017-10-06 07:46:00,4393.09,4392.01,4390.1,4393.1,5.15372708
2017-10-06 07:47:00,4392.01,4399.98,4392.01,4400.0,31.89031007
2017-10-06 07:48:00,4399.92,4399.02,4399.02,4399.93,0.39628749
2017-10-06 07:49:00,4399.02,4398.92,4397.01,4399.02,0.69263882
2017-10-06 07:50:00,4398.93,4398.85,4397.06,4398.94,4.33429354
2017-10-06 07:51:00,4398.9,4404.0,4398.87,4404.0,3.19874433
2017-10-06 07:52:00,4402.34,4395.67,4389.35,4410.0,53.80536466
2017-10-06 07:53:00,4395.67,4403.48,4395.67,4403.48,4.65896783
2017-10-06 07:54:00,4403.78,4405.4,4403.78,4410.0,16.41355469
2017-10-06 07:55:00,4405.35,4407.24,4403.87,4410.0,12.9681283
2017-10-06 07:56:00,4406.19,4409.96,4406.17,4411.32,19.09351128
2017-10-06 07:57:00,4412.52,4414.98,4401.6,4414.98,4.73614221
2017-10-06 07:58:00,4412.23,4412.1,4402.52,4412.23,6.45206776
2017-10-06 07:59:00,4412.08,4403.3,4403.14,4412.96,6.59924631
2017-10-06 08:00:00,4403.48,4410.78,4403.48,4410.78,1.58589398
2017-10-06 08:01:00,4404.09,4409.0,4404.09,4413.06,5.68864258
2017-10-06 08:02:00,4408.94,4405.85,4405.83,4408.99,1.55837728
2017-10-06 08:03:00,4401.57,4406.95,4398.26,4406.95,13.79348057
2017-10-06 08:04:00,4398.82,4396.97,4396.95,4398.82,0.59880707
2017-10-06 08:05:00,4396.61,4390.74,4390.0,4396.61,63.76860637
2017-10-06 08:06:00,4388.87,4392.15,4382.16,4392.15,8.47483165
2017-10-06 08:07:00,4392.11,4395.93,4392.11,4395.93,1.84920971
2017-10-06 08:08:00,4399.86,4399.86,4399.86,4399.86,0.02085748
2017-10-06 08:09:00,4400.0,4399.94,4392.85,4400.0,3.27315573
2017-10-06 08:10:00,4399.72,4399.72,4399.72,4399.72,0.05214423
2017-10-06 08:11:00,4399.12,4390.84,4390.84,4399.12,4.73
2017-10-06 08:12:00,4396.72,4395.82,4393.0,4396.72,1.055352
2017-10-06 08:13:00,4395.82,4395.82,4395.82,4395.82,0.0
2017-10-06 08:14:00,4393.01,4391.0,4390.98,4393.01,0.25913559
2017-10-06 08:15:00,4391.0,4391.0,4391.0,4391.0,0.0
2017-10-06 08:16:00,4384.72,4390.99,4382.24,4391.0,3.80113096
2017-10-06 08:17:00,4391.0,4391.0,4390.99,4391.0,1.64615029
2017-10-06 08:18:00,4391.11,4391.1,4391.1,4391.11,2.26197139
2017-10-06 08:19:00,4391.11,4390.99,4390.99,4392.3,1.07958291
2017-10-06 08:20:00,4391.02,4392.98,4390.99,4392.98,0.2347597
2017-10-06 08:21:00,4392.98,4392.98,4392.98,4392.98,0.0
2017-10-06 08:22:00,4392.7,4391.0,4388.7,4392.7,6.65430576
2017-10-06 08:23:00,4392.55,4398.97,4392.55,4399.05,3.50299191
2017-10-06 08:24:00,4394.54,4403.97,4394.54,4404.0,14.78203295
2017-10-06 08:25:00,4403.96,4394.82,4394.72,4404.0,3.24342793
2017-10-06 08:26:00,4401.8,4395.61,4395.61,4401.82,0.40751364
2017-10-06 08:27:00,4395.61,4394.84,4394.84,4401.69,0.32567881
2017-10-06 08:28:00,4401.46,4401.43,4401.43,4401.5,0.14836064
2017-10-06 08:29:00,4393.0,4397.66,4393.0,4397.66,0.486769
2017-10-06 08:30:00,4393.65,4399.56,4385.65,4399.56,7.6855984
2017-10-06 08:31:00,4398.95,4398.95,4398.95,4398.95,0.37
2017-10-06 08:32:00,4398.36,4398.36,4398.36,4398.36,0.02086459
2017-10-06 08:33:00,4397.7,4390.0,4390.0,4398.72,2.26122169
2017-10-06 08:34:00,4386.48,4386.48,4386.48,4386.48,0.42613669
2017-10-06 08:35:00,4386.48,4386.48,4386.48,4386.48,0.0
2017-10-06 08:36:00,4397.83,4388.28,4388.28,4397.83,4.513662
2017-10-06 08:37:00,4397.35,4388.91,4388.91,4397.47,3.413509
2017-10-06 08:38:00,4396.95,4388.91,4386.6,4396.95,3.6661267
2017-10-06 08:39:00,4395.14,4395.14,4395.14,4395.14,1.07814996
2017-10-06 08:40:00,4394.54,4385.5,4385.5,4394.54,0.18162503
2017-10-06 08:41:00,4384.86,4393.09,4384.77,4393.25,3.95690782
2017-10-06 08:42:00,4392.81,4389.99,4389.99,4392.81,0.06557939
2017-10-06 08:43:00,4389.95,4385.14,4385.14,4390.0,8.47609
2017-10-06 08:44:00,4385.0,4385.57,4385.0,4385.57,2.10089723
2017-10-06 08:45:00,4390.0,4387.41,4387.41,4390.0,9.40231206
2017-10-06 08:46:00,4390.0,4390.03,4390.0,4390.03,0.18979813
2017-10-06 08:47:00,4394.4,4394.43,4393.93,4394.43,1.57535853
2017-10-06 08:48:00,4395.11,4393.22,4393.22,4398.51,6.46166924
2017-10-06 08:49:00,4397.31,4398.39,4393.28,4398.39,0.607375
2017-10-06 08:50:00,4393.37,4398.09,4388.22,4398.09,1.68329491
2017-10-06 08:51:00,4396.5,4397.91,4387.73,4399.4,2.41305223
2017-10-06 08:52:00,4390.38,4396.58,4390.38,4398.3,5.78420705
2017-10-06 08:53:00,4400.0,4404.96,4400.0,4404.96,9.40587714
2017-10-06 08:54:00,4404.98,4400.63,4400.63,4408.97,9.19722226
2017-10-06 08:55:00,4400.66,4400.66,4400.66,4400.68,6.16346286
2017-10-06 08:56:00,4400.66,4402.99,4394.57,4403.09,0.37483081
2017-10-06 08:57:00,4407.6,4400.69,4400.69,4407.6,0.25305806
2017-10-06 08:58:00,4400.32,4400.38,4400.32,4400.38,0.13614423
2017-10-06 08:59:00,4403.16,4400.99,4400.91,4404.98,0.21692627
2017-10-06 09:00:00,4404.91,4404.88,4401.19,4404.99,1.36241495
2017-10-06 09:01:00,4404.88,4404.88,4404.88,4404.88,0.0
2017-10-06 09:02:00,4404.88,4404.88,4404.22,4404.88,1.37502245
2017-10-06 09:03:00,4404.87,4404.98,4404.44,4404.98,2.98695282
2017-10-06 09:04:00,4404.99,4404.61,4404.61,4406.0,5.50186944
2017-10-06 09:05:00,4404.0,4402.05,4396.22,4404.0,17.16798128
2017-10-06 09:06:00,4396.16,4396.0,4395.0,4401.83,21.77304706
2017-10-06 09:07:00,4394.23,4394.26,4394.23,4401.86,1.08103253
2017-10-06 09:08:00,4396.47,4399.83,4394.31,4399.84,6.90127265
2017-10-06 09:09:00,4399.8,4397.81,4397.81,4399.8,0.01687955
2017-10-06 09:10:00,4398.33,4399.47,4398.33,4399.47,0.14445059
2017-10-06 09:11:00,4399.47,4399.47,4399.47,4399.47,0.0
2017-10-06 09:12:00,4399.18,4399.18,4399.18,4399.18,0.45354134
2017-10-06 09:13:00,4399.18,4399.18,4399.18,4399.18,0.0
2017-10-06 09:14:00,4393.79,4393.03,4393.03,4395.75,3.04906916
2017-10-06 09:15:00,4396.64,4396.58,4394.37,4396.64,1.16702731
2017-10-06 09:16:00,4396.57,4396.99,4396.57,4396.99,0.55110262
2017-10-06 09:17:00,4394.38,4396.85,4394.28,4396.99,11.47182872
2017-10-06 09:18:00,4396.86,4393.07,4393.07,4396.99,0.11649861
2017-10-06 09:19:00,4389.93,4389.93,4389.93,4389.93,0.01699434
2017-10-06 09:20:00,4391.93,4391.93,4391.93,4391.93,0.72712926
2017-10-06 09:21:00,4389.9,4392.94,4389.9,4392.94,0.10350036
2017-10-06 09:22:00,4389.91,4389.9,4389.01,4393.07,14.7967637
2017-10-06 09:23:00,4389.88,4389.9,4389.88,4389.9,0.70057831
2017-10-06 09:24:00,4389.0,4389.9,4389.0,4389.9,1.59274807
2017-10-06 09:25:00,4389.04,4389.9,4389.04,4389.9,0.34758843
2017-10-06 09:26:00,4396.89,4396.95,4396.89,4398.02,1.05345011
2017-10-06 09:27:00,4396.9,4397.5,4396.35,4397.5,5.68176122
2017-10-06 09:28:00,4397.44,4389.97,4389.97,4397.44,0.64578241
2017-10-06 09:29:00,4389.97,4389.97,4389.97,4389.97,0.0
2017-10-06 09:30:00,4395.74,4389.97,4389.97,4395.74,0.71098055
2017-10-06 09:31:00,4395.43,4391.87,4391.87,4395.43,0.64330952
2017-10-06 09:32:00,4392.07,4392.11,4392.07,4393.05,2.67308907
2017-10-06 09:33:00,4391.91,4395.0,4389.36,4395.0,26.51429331
2017-10-06 09:34:00,4394.9,4394.0,4394.0,4394.9,0.11291767
2017-10-06 09:35:00,4394.0,4394.0,4394.0,4394.0,0.0
2017-10-06 09:36:00,4393.0,4393.68,4393.0,4395.07,5.954146
2017-10-06 09:37:00,4393.68,4393.68,4393.68,4393.68,0.0
2017-10-06 09:38:00,4395.64,4391.78,4390.01,4396.0,7.91162812
2017-10-06 09:39:00,4392.11,4393.01,4392.11,4396.64,3.01644364
2017-10-06 09:40:00,4393.0,4396.64,4393.0,4396.64,0.31771481
2017-10-06 09:41:00,4396.64,4393.03,4393.03,4398.85,0.09520938
2017-10-06 09:42:00,4394.0,4394.0,4394.0,4394.0,0.16189187
2017-10-06 09:43:00,4397.9,4394.52,4394.0,4397.9,0.93333848
2017-10-06 09:44:00,4397.86,4399.0,4394.0,4399.0,2.6198087
2017-10-06 09:45:00,4397.93,4394.39,4394.39,4399.0,19.33680398
2017-10-06 09:46:00,4398.99,4404.59,4398.99,4404.6,28.19719694
2017-10-06 09:47:00,4404.6,4404.0,4404.0,4405.01,3.7724954
2017-10-06 09:48:00,4404.91,4400.96,4397.08,4410.93,23.47206975
2017-10-06 09:49:00,4404.89,4401.79,4401.79,4404.89,0.03086
2017-10-06 09:50:00,4401.79,4401.79,4401.79,4401.79,0.0
2017-10-06 09:51:00,4403.5,4403.5,4403.5,4403.5,0.015
2017-10-06 09:52:00,4403.57,4403.61,4403.57,4403.7,0.85370247
2017-10-06 09:53:00,4404.93,4403.0,4403.0,4407.29,12.56339811
2017-10-06 09:54:00,4400.05,4406.98,4400.05,4406.98,0.33629747
2017-10-06 09:55:00,4407.0,4407.28,4404.03,4407.28,3.00307956
2017-10-06 09:56:00,4404.44,4400.92,4400.71,4407.0,5.28922334
2017-10-06 09:57:00,4406.98,4407.0,4406.98,4407.0,0.26137849
2017-10-06 09:58:00,4406.0,4409.0,4403.36,4411.1,1.3136384
2017-10-06 09:59:00,4410.16,4407.48,4407.19,4411.09,10.02292391
2017-10-06 10:00:00,4410.17,4414.99,4407.16,4414.99,33.4919522
2017-10-06 10:01:00,4413.56,4412.18,4411.79,4419.96,30.16919935
2017-10-06 10:02:00,4413.6,4412.18,4412.18,4417.08,6.00215272
2017-10-06 10:03:00,4416.62,4418.16,4412.22,4418.16,6.463312
2017-10-06 10:04:00,4418.03,4412.4,4412.18,4418.35,3.6936543
2017-10-06 10:05:00,4412.4,4412.39,4412.39,4415.26,1.43502332
2017-10-06 10:06:00,4412.39,4410.02,4410.02,4413.67,4.2346839
2017-10-06 10:07:00,4407.87,4407.82,4405.13,4407.87,11.30356169
2017-10-06 10:08:00,4407.81,4412.98,4400.62,4413.26,10.36441568
2017-10-06 10:09:00,4408.88,4413.6,4408.88,4413.61,8.08161063
2017-10-06 10:10:00,4413.67,4407.7,4404.93,4417.94,1.91916102
2017-10-06 10:11:00,4407.75,4407.93,4407.75,4407.93,0.014835
2017-10-06 10:12:00,4408.04,4408.05,4408.04,4408.05,2.0
2017-10-06 10:13:00,4411.01,4410.04,4408.11,4415.0,4.79538075
2017-10-06 10:14:00,4414.99,4408.98,4407.05,4414.99,6.32216547
2017-10-06 10:15:00,4408.99,4401.28,4401.21,4408.99,2.00185866
2017-10-06 10:16:00,4407.07,4401.28,4400.11,4407.07,3.53707633
2017-10-06 10:17:00,4401.28,4400.0,4393.0,4401.28,12.6466076
2017-10-06 10:18:00,4393.55,4401.27,4393.55,4401.27,5.64429561
2017-10-06 10:19:00,4401.18,4403.1,4391.13,4403.1,3.24045325
2017-10-06 10:20:00,4402.8,4392.74,4392.74,4402.8,0.86779025
2017-10-06 10:21:00,4399.97,4399.96,4399.96,4399.97,0.47449745
2017-10-06 10:22:00,4394.79,4399.95,4394.79,4402.8,7.61523265
2017-10-06 10:23:00,4403.39,4408.65,4403.39,4408.65,0.97474461
2017-10-06 10:24:00,4406.79,4406.77,4402.87,4406.79,0.19270234
2017-10-06 10:25:00,4402.67,4410.0,4402.67,4410.0,8.62583798
2017-10-06 10:26:00,4413.11,4408.93,4408.89,4413.11,1.12007042
2017-10-06 10:27:00,4407.91,4405.89,4405.89,4407.91,0.10784272
2017-10-06 10:28:00,4407.9,4404.39,4404.39,4407.9,1.60260007
2017-10-06 10:29:00,4407.9,4412.44,4407.9,4412.44,5.0
2017-10-06 10:30:00,4409.13,4407.43,4402.11,4409.64,5.67712218
2017-10-06 10:31:00,4402.79,4407.91,4402.73,4412.0,4.33983889
2017-10-06 10:32:00,4407.92,4407.92,4407.92,4407.92,1.17309458
2017-10-06 10:33:00,4411.0,4407.92,4407.91,4411.0,3.80424062
2017-10-06 10:34:00,4407.91,4408.0,4407.89,4408.0,7.34222411
2017-10-06 10:35:00,4405.14,4398.0,4398.0,4408.9,29.95935236
2017-10-06 10:36:00,4399.08,4397.01,4397.01,4399.08,4.88583807
2017-10-06 10:37:00,4399.08,4403.99,4399.06,4404.0,6.15593642
2017-10-06 10:38:00,4403.98,4397.0,4397.0,4404.0,13.10360249
2017-10-06 10:39:00,4397.0,4397.0,4397.0,4397.0,0.0
2017-10-06 10:40:00,4398.0,4397.0,4397.0,4398.0,2.5
2017-10-06 10:41:00,4403.34,4402.99,4397.01,4403.34,1.2449225
2017-10-06 10:42:00,4402.99,4402.99,4402.99,4402.99,0.0
2017-10-06 10:43:00,4401.99,4401.99,4401.99,4401.99,0.0024
2017-10-06 10:44:00,4402.0,4397.99,4397.35,4402.0,0.58031393
2017-10-06 10:45:00,4401.97,4398.01,4398.01,4401.97,0.15663807
2017-10-06 10:46:00,4398.02,4398.0,4397.99,4400.99,0.67339483
2017-10-06 10:47:00,4397.99,4399.99,4396.02,4399.99,1.23659319
2017-10-06 10:48:00,4399.98,4399.99,4396.3,4403.97,1.07741462
2017-10-06 10:49:00,4399.99,4403.98,4398.83,4403.98,8.5779384
2017-10-06 10:50:00,4396.66,4403.94,4396.66,4403.94,0.11709569
2017-10-06 10:51:00,4396.69,4396.16,4396.11,4396.69,5.22609691
2017-10-06 10:52:00,4398.99,4396.0,4396.0,4399.19,0.83667645
2017-10-06 10:53:00,4396.02,4399.99,4396.0,4403.09,0.18005254
2017-10-06 10:54:00,4396.04,4396.0,4396.0,4396.04,0.05185645
2017-10-06 10:55:00,4399.85,4395.02,4395.02,4399.85,3.41357695
2017-10-06 10:56:00,4395.0,4392.0,4392.0,4399.45,6.7663439
2017-10-06 10:57:00,4392.0,4391.03,4391.03,4392.0,0.93328796
2017-10-06 10:58:00,4391.01,4391.0,4391.0,4391.01,0.16396345
2017-10-06 10:59:00,4391.0,4390.99,4390.0,4391.0,0.29054112
2017-10-06 11:00:00,4390.98,4397.13,4390.0,4397.36,2.81572581
2017-10-06 11:01:00,4390.04,4390.04,4390.04,4390.04,0.13
2017-10-06 11:02:00,4394.33,4390.0,4390.0,4394.33,0.73322573
2017-10-06 11:03:00,4390.03,4390.03,4390.03,4390.03,1.17248351
2017-10-06 11:04:00,4390.04,4395.51,4390.01,4395.51,1.29037939
2017-10-06 11:05:00,4395.0,4393.0,4390.05,4397.09,0.93651332
2017-10-06 11:06:00,4392.02,4390.0,4390.0,4392.02,1.56849234
2017-10-06 11:07:00,4390.0,4391.92,4386.26,4391.96,7.99738192
2017-10-06 11:08:00,4391.91,4391.89,4391.89,4391.91,0.17499404
2017-10-06 11:09:00,4392.01,4392.01,4392.01,4392.01,0.31157271
2017-10-06 11:10:00,4391.95,4387.46,4387.46,4391.95,0.310095
2017-10-06 11:11:00,4387.47,4390.01,4382.0,4390.03,3.20587304
2017-10-06 11:12:00,4390.02,4391.9,4390.02,4391.9,5.46635251
2017-10-06 11:13:00,4391.62,4391.71,4391.62,4391.71,0.99950631
2017-10-06 11:14:00,4391.8,4391.7,4383.68,4391.8,1.03812271
2017-10-06 11:15:00,4391.43,4391.43,4391.43,4391.43,0.042962
2017-10-06 11:16:00,4391.56,4385.83,4385.83,4391.8,3.03665
2017-10-06 11:17:00,4391.76,4391.79,4391.76,4391.8,1.10425162
2017-10-06 11:18:00,4391.8,4392.0,4391.8,4392.0,0.353897
2017-10-06 11:19:00,4391.99,4392.0,4391.99,4392.0,1.03139326
2017-10-06 11:20:00,4392.01,4395.0,4392.01,4395.0,16.11841314
2017-10-06 11:21:00,4397.13,4397.92,4397.13,4399.81,6.67056201
2017-10-06 11:22:00,4399.38,4398.33,4396.47,4399.9,5.13562333
2017-10-06 11:23:00,4398.0,4398.02,4395.34,4399.89,3.31205227
2017-10-06 11:24:00,4399.87,4397.57,4397.57,4399.87,1.2297139
2017-10-06 11:25:00,4399.87,4395.01,4395.01,4399.87,0.64735653
2017-10-06 11:26:00,4399.8,4400.0,4395.01,4400.01,23.03501907
2017-10-06 11:27:00,4400.02,4396.21,4396.09,4400.02,10.34066348
2017-10-06 11:28:00,4396.24,4402.1,4396.24,4402.1,1.45487051
2017-10-06 11:29:00,4401.24,4399.49,4399.49,4403.96,2.0230864
2017-10-06 11:30:00,4396.18,4396.17,4396.17,4403.35,1.02041713
2017-10-06 11:31:00,4396.17,4396.17,4396.17,4396.17,0.0
2017-10-06 11:32:00,4400.16,4400.13,4396.16,4400.16,4.15817666
2017-10-06 11:33:00,4396.2,4396.19,4396.19,4400.17,0.4645262
2017-10-06 11:34:00,4396.22,4399.99,4396.19,4399.99,3.51425094
2017-10-06 11:35:00,4400.17,4395.34,4395.34,4403.0,0.30853987
2017-10-06 11:36:00,4402.22,4402.76,4402.22,4402.76,2.15764905
2017-10-06 11:37:00,4402.99,4402.99,4402.99,4402.99,0.01150883
2017-10-06 11:38:00,4403.0,4400.18,4400.18,4403.0,1.15436132
2017-10-06 11:39:00,4400.18,4402.42,4400.18,4405.0,12.95627447
2017-10-06 11:40:00,4407.19,4402.0,4400.2,4409.0,0.63813143
2017-10-06 11:41:00,4409.0,4409.58,4408.49,4409.72,0.1185795
2017-10-06 11:42:00,4399.02,4409.33,4399.02,4409.33,0.05528916
2017-10-06 11:43:00,4404.54,4408.77,4404.54,4408.77,0.16607981
2017-10-06 11:44:00,4400.71,4406.21,4397.43,4406.21,1.24627929
2017-10-06 11:45:00,4406.63,4405.82,4396.58,4406.63,2.5100181
2017-10-06 11:46:00,4396.58,4395.02,4395.0,4396.58,2.37386362
2017-10-06 11:47:00,4395.02,4400.49,4395.02,4400.49,0.24452912
2017-10-06 11:48:00,4398.76,4401.69,4398.76,4401.86,0.17975279
2017-10-06 11:49:00,4395.05,4395.21,4395.03,4401.87,0.54338527
2017-10-06 11:50:00,4395.21,4400.24,4395.0,4400.24,8.73208238
2017-10-06 11:51:00,4399.76,4399.76,4399.76,4399.76,0.02896193
2017-10-06 11:52:00,4399.98,4398.0,4398.0,4399.98,0.0719788
2017-10-06 11:53:00,4398.0,4398.0,4391.13,4399.0,1.3730942
2017-10-06 11:54:00,4398.0,4399.0,4397.35,4399.0,0.17426732
2017-10-06 11:55:00,4399.0,4391.12,4390.0,4399.0,2.68715335
2017-10-06 11:56:00,4391.11,4397.99,4391.11,4397.99,0.38410826
2017-10-06 11:57:00,4390.56,4390.07,4390.07,4390.56,0.02882857
2017-10-06 11:58:00,4390.09,4390.0,4390.0,4390.1,2.0956686
2017-10-06 11:59:00,4390.08,4390.08,4390.0,4390.08,0.89623999
2017-10-06 12:00:00,4390.08,4390.0,4390.0,4390.08,0.84977237
2017-10-06 12:01:00,4390.08,4390.08,4390.08,4390.08,0.28913018
2017-10-06 12:02:00,4390.08,4390.08,4390.08,4390.08,1.06380531
2017-10-06 12:03:00,4390.08,4390.0,4390.0,4390.08,1.86581808
2017-10-06 12:04:00,4390.08,4394.99,4390.08,4394.99,2.90362096
2017-10-06 12:05:00,4394.99,4394.0,4394.0,4395.0,0.1636261
2017-10-06 12:06:00,4394.0,4394.25,4394.0,4394.57,9.04927113
2017-10-06 12:07:00,4394.34,4390.3,4390.29,4394.34,1.13139767
2017-10-06 12:08:00,4394.19,4390.32,4390.32,4394.19,0.04749352
2017-10-06 12:09:00,4394.22,4394.23,4394.22,4394.23,0.12088425
2017-10-06 12:10:00,4394.23,4395.0,4394.23,4395.0,2.86702341
2017-10-06 12:11:00,4396.05,4399.0,4396.05,4399.0,0.04828024
2017-10-06 12:12:00,4399.0,4399.0,4399.0,4399.0,0.0134477
2017-10-06 12:13:00,4399.0,4399.0,4399.0,4399.0,0.225
2017-10-06 12:14:00,4399.0,4396.92,4396.92,4399.0,2.53730518
2017-10-06 12:15:00,4397.94,4397.95,4397.94,4397.95,2.43761938
2017-10-06 12:16:00,4397.95,4397.95,4397.95,4397.95,0.04592378
2017-10-06 12:17:00,4397.95,4397.95,4397.01,4397.95,0.0720567
2017-10-06 12:18:00,4397.0,4397.0,4397.0,4397.0,2.26852089
2017-10-06 12:19:00,4396.25,4396.25,4396.25,4396.25,1.73030507
2017-10-06 12:20:00,4396.25,4396.25,4396.25,4396.25,0.012976
2017-10-06 12:21:00,4396.25,4396.0,4396.0,4396.25,0.95440213
2017-10-06 12:22:00,4396.0,4396.0,4396.0,4396.0,6.52825511
2017-10-06 12:23:00,4396.0,4396.0,4396.0,4396.0,0.27258688
2017-10-06 12:24:00,4396.0,4396.0,4396.0,4396.0,0.30032062
2017-10-06 12:25:00,4395.62,4397.95,4395.62,4397.95,0.65602198
2017-10-06 12:26:00,4397.94,4399.95,4397.94,4400.0,1.58824301
2017-10-06 12:27:00,4399.83,4392.23,4392.23,4399.83,10.00906
2017-10-06 12:28:00,4395.01,4395.01,4395.01,4395.01,0.14907935
2017-10-06 12:29:00,4399.95,4399.85,4399.85,4399.95,0.01334773
2017-10-06 12:30:00,4399.97,4399.88,4397.39,4399.97,0.21060612
2017-10-06 12:31:00,4397.41,4398.51,4392.07,4398.54,4.38050055
2017-10-06 12:32:00,4398.46,4398.38,4398.38,4398.46,0.13299143
2017-10-06 12:33:00,4397.54,4392.08,4392.08,4397.54,3.12185195
2017-10-06 12:34:00,4393.33,4392.08,4392.08,4393.33,0.07832726
2017-10-06 12:35:00,4393.27,4393.5,4393.27,4393.5,0.23826188
2017-10-06 12:36:00,4398.07,4398.93,4390.31,4398.93,15.6782915
2017-10-06 12:37:00,4398.95,4394.85,4394.85,4398.99,1.27550992
2017-10-06 12:38:00,4398.98,4398.99,4398.98,4398.99,0.63718751
2017-10-06 12:39:00,4397.99,4399.0,4397.99,4399.0,18.51764029
2017-10-06 12:40:00,4399.0,4399.0,4398.03,4399.5,1.7000371
2017-10-06 12:41:00,4399.49,4393.36,4393.35,4399.49,5.95907761
2017-10-06 12:42:00,4393.36,4393.36,4393.36,4393.36,0.0
2017-10-06 12:43:00,4397.94,4393.37,4393.37,4398.0,0.72697379
2017-10-06 12:44:00,4394.87,4394.87,4394.87,4397.94,0.627387
2017-10-06 12:45:00,4397.9,4397.9,4397.9,4397.9,0.021668
2017-10-06 12:46:00,4395.98,4395.98,4395.98,4395.98,0.0089
2017-10-06 12:47:00,4395.97,4395.0,4395.0,4395.97,0.050969
2017-10-06 12:48:00,4393.43,4395.0,4393.41,4395.0,0.60808772
2017-10-06 12:49:00,4395.0,4396.0,4395.0,4396.0,0.54138614
2017-10-06 12:50:00,4396.0,4394.74,4394.74,4396.0,0.12424398
2017-10-06 12:51:00,4394.74,4395.99,4393.57,4396.0,5.11802157
2017-10-06 12:52:00,4396.0,4396.0,4395.99,4396.0,6.09834988
2017-10-06 12:53:00,4393.66,4393.42,4393.42,4396.0,0.09443011
2017-10-06 12:54:00,4395.99,4393.31,4393.31,4396.0,9.48037352
2017-10-06 12:55:00,4395.95,4391.0,4391.0,4396.0,11.97501552
2017-10-06 12:56:00,4390.25,4392.95,4389.0,4393.28,10.85187674
2017-10-06 12:57:00,4396.0,4389.0,4389.0,4396.0,7.36704143
2017-10-06 12:58:00,4389.0,4385.0,4385.0,4391.54,16.62035524
2017-10-06 12:59:00,4392.55,4385.69,4382.0,4392.55,2.86351011
2017-10-06 13:00:00,4385.68,4370.71,4370.71,4385.69,66.47139579
2017-10-06 13:01:00,4370.71,4358.34,4356.05,4371.58,93.59108904
2017-10-06 13:02:00,4362.82,4363.6,4359.76,4364.82,9.33732821
2017-10-06 13:03:00,4364.82,4372.81,4364.82,4374.28,16.05396362
2017-10-06 13:04:00,4372.69,4376.08,4370.0,4380.84,20.63113838
2017-10-06 13:05:00,4375.68,4371.23,4371.23,4384.76,60.17673738
2017-10-06 13:06:00,4370.0,4367.68,4365.2,4370.01,11.86730816
2017-10-06 13:07:00,4370.0,4369.98,4365.26,4370.0,2.95229854
2017-10-06 13:08:00,4369.98,4368.21,4359.99,4370.1,5.17854633
2017-10-06 13:09:00,4365.72,4364.25,4360.03,4365.72,3.16883913
2017-10-06 13:10:00,4364.74,4364.31,4364.31,4364.74,0.19575123
2017-10-06 13:11:00,4364.3,4362.0,4360.0,4369.79,2.37102529
2017-10-06 13:12:00,4360.08,4363.92,4358.19,4363.92,8.27318537
2017-10-06 13:13:00,4363.6,4364.08,4362.0,4364.08,3.06716042
2017-10-06 13:14:00,4364.08,4364.0,4362.0,4364.08,2.14285706
2017-10-06 13:15:00,4364.0,4364.36,4364.0,4364.36,9.73765907
2017-10-06 13:16:00,4367.96,4369.51,4367.71,4369.51,3.78518115
2017-10-06 13:17:00,4368.8,4369.95,4368.8,4370.0,11.99679772
2017-10-06 13:18:00,4370.0,4370.09,4368.0,4370.1,0.817503
2017-10-06 13:19:00,4368.99,4368.99,4368.99,4368.99,0.00893795
2017-10-06 13:20:00,4368.07,4368.01,4368.0,4368.97,8.15150656
2017-10-06 13:21:00,4368.0,4370.1,4367.29,4370.1,3.94048947
2017-10-06 13:22:00,4370.9,4364.4,4364.39,4371.04,6.72645779
2017-10-06 13:23:00,4365.0,4368.61,4362.3,4368.62,18.1620011
2017-10-06 13:24:00,4368.61,4365.0,4365.0,4368.61,2.77064423
2017-10-06 13:25:00,4368.57,4362.0,4359.0,4368.57,16.59662282
2017-10-06 13:26:00,4363.43,4362.7,4359.6,4363.43,11.57896855
2017-10-06 13:27:00,4359.63,4363.02,4359.63,4368.59,7.84414842
2017-10-06 13:28:00,4363.0,4360.33,4359.92,4363.0,9.84578903
2017-10-06 13:29:00,4361.72,4361.71,4358.27,4361.72,3.70070481
2017-10-06 13:30:00,4361.72,4356.05,4356.05,4361.72,5.73729813
2017-10-06 13:31:00,4356.05,4355.69,4352.0,4356.05,44.4900525
2017-10-06 13:32:00,4355.11,4350.0,4340.6,4356.0,26.34701481
2017-10-06 13:33:00,4349.0,4350.0,4344.52,4350.0,28.23296583
2017-10-06 13:34:00,4350.0,4352.96,4350.0,4356.56,3.25678872
2017-10-06 13:35:00,4355.24,4352.62,4350.0,4355.24,0.35622453
2017-10-06 13:36:00,4352.63,4350.03,4350.03,4352.63,0.9302838
2017-10-06 13:37:00,4350.04,4350.0,4350.0,4350.04,1.62790819
2017-10-06 13:38:00,4352.56,4347.0,4347.0,4356.2,10.7627665
2017-10-06 13:39:00,4347.0,4348.99,4345.0,4349.01,4.48220244
2017-10-06 13:40:00,4348.98,4339.62,4338.5,4348.98,5.42783739
2017-10-06 13:41:00,4339.62,4339.62,4335.66,4339.62,6.58856271
2017-10-06 13:42:00,4339.62,4337.62,4336.12,4339.88,0.38792529
2017-10-06 13:43:00,4339.88,4349.08,4339.82,4355.27,8.14432122
2017-10-06 13:44:00,4355.11,4350.01,4350.0,4356.93,4.15300679
2017-10-06 13:45:00,4350.01,4350.1,4350.01,4350.16,1.65139066
2017-10-06 13:46:00,4354.12,4361.01,4354.12,4362.18,6.31876944
2017-10-06 13:47:00,4357.7,4356.48,4347.1,4360.97,33.81285863
2017-10-06 13:48:00,4351.52,4351.75,4347.69,4356.49,2.0722873
2017-10-06 13:49:00,4348.34,4348.49,4348.34,4357.16,1.84705731
2017-10-06 13:50:00,4352.78,4351.45,4351.45,4352.78,0.23161166
2017-10-06 13:51:00,4351.45,4352.78,4350.32,4352.78,0.42892172
2017-10-06 13:52:00,4352.78,4358.52,4352.78,4358.52,1.03501018
2017-10-06 13:53:00,4358.61,4358.52,4358.52,4358.61,5.7928957
2017-10-06 13:54:00,4359.33,4363.0,4359.33,4363.0,1.14007
2017-10-06 13:55:00,4362.57,4357.61,4357.61,4363.13,0.3676971
2017-10-06 13:56:00,4361.54,4351.01,4351.01,4361.54,0.44342229
2017-10-06 13:57:00,4361.13,4359.51,4359.51,4361.73,0.27283846
2017-10-06 13:58:00,4354.58,4354.58,4354.58,4354.58,0.15805657
2017-10-06 13:59:00,4354.68,4351.59,4351.59,4355.23,0.22937096
2017-10-06 14:00:00,4350.0,4348.74,4343.99,4355.23,26.09788163
2017-10-06 14:01:00,4348.74,4355.46,4348.74,4359.16,2.98560498
2017-10-06 14:02:00,4355.34,4343.99,4343.99,4361.97,16.47724792
2017-10-06 14:03:00,4351.07,4349.97,4349.25,4351.07,0.19684808
2017-10-06 14:04:00,4347.17,4343.34,4343.34,4350.86,0.41822167
2017-10-06 14:05:00,4347.76,4347.76,4347.76,4347.76,0.05847593
2017-10-06 14:06:00,4347.65,4348.4,4347.65,4350.86,1.37192243
2017-10-06 14:07:00,4350.86,4350.86,4348.45,4350.86,0.74861805
2017-10-06 14:08:00,4350.85,4355.9,4350.85,4357.83,3.92104089
2017-10-06 14:09:00,4355.9,4360.59,4347.77,4360.59,8.25862082
2017-10-06 14:10:00,4355.6,4355.8,4353.68,4357.92,5.59070984
2017-10-06 14:11:00,4360.79,4358.45,4355.8,4360.79,3.6035963
2017-10-06 14:12:00,4358.42,4364.83,4358.41,4367.15,28.44307842
2017-10-06 14:13:00,4364.81,4368.97,4363.0,4368.98,21.9618813
2017-10-06 14:14:00,4360.32,4360.57,4360.32,4360.57,2.853601
2017-10-06 14:15:00,4365.51,4360.52,4360.5,4365.56,5.85889084
2017-10-06 14:16:00,4365.55,4366.25,4363.0,4366.25,17.18766476
2017-10-06 14:17:00,4360.6,4361.01,4360.6,4365.95,2.52447993
2017-10-06 14:18:00,4363.9,4363.9,4363.9,4363.9,0.1372992
2017-10-06 14:19:00,4360.55,4364.57,4358.82,4365.29,3.17254437
2017-10-06 14:20:00,4364.57,4366.37,4364.57,4366.55,0.20972575
2017-10-06 14:21:00,4366.6,4364.64,4355.87,4369.0,25.36120918
2017-10-06 14:22:00,4361.59,4368.37,4361.59,4368.37,2.16459724
2017-10-06 14:23:00,4368.37,4371.22,4366.36,4374.55,18.21940298
2017-10-06 14:24:00,4371.25,4372.34,4369.09,4372.34,1.70852372
2017-10-06 14:25:00,4372.34,4376.21,4371.49,4376.21,4.77348092
2017-10-06 14:26:00,4376.62,4376.04,4376.04,4377.83,6.07454275
2017-10-06 14:27:00,4376.04,4369.0,4369.0,4377.83,36.30454032
2017-10-06 14:28:00,4368.71,4374.92,4368.55,4374.93,2.90884615
2017-10-06 14:29:00,4374.92,4376.93,4374.92,4376.93,0.27999114
2017-10-06 14:30:00,4376.93,4377.45,4375.53,4377.46,6.94392267
2017-10-06 14:31:00,4377.82,4384.11,4377.44,4386.05,89.40944388
2017-10-06 14:32:00,4383.01,4391.57,4383.01,4393.0,48.40177843
2017-10-06 14:33:00,4385.81,4385.01,4385.0,4392.8,9.61743
2017-10-06 14:34:00,4385.0,4384.98,4384.98,4388.41,20.13919183
2017-10-06 14:35:00,4384.98,4384.98,4384.98,4384.98,0.0
2017-10-06 14:36:00,4385.0,4384.99,4384.99,4385.0,1.14970704
2017-10-06 14:37:00,4378.99,4385.15,4378.99,4385.15,4.16997786
2017-10-06 14:38:00,4385.37,4381.39,4380.17,4389.0,4.45913064
2017-10-06 14:39:00,4381.39,4382.95,4378.98,4383.54,5.85483977
2017-10-06 14:40:00,4377.0,4377.0,4377.0,4380.16,6.24778166
2017-10-06 14:41:00,4377.01,4377.01,4377.0,4377.01,0.8385342
2017-10-06 14:42:00,4377.01,4377.01,4377.01,4377.01,0.0
2017-10-06 14:43:00,4377.01,4380.16,4377.0,4380.16,17.26389195
2017-10-06 14:44:00,4380.16,4380.16,4380.15,4383.67,11.45035577
2017-10-06 14:45:00,4383.67,4380.2,4380.2,4383.67,0.69228588
2017-10-06 14:46:00,4380.21,4371.38,4370.64,4382.0,19.73982409
2017-10-06 14:47:00,4376.33,4376.12,4371.63,4378.55,4.71952019
2017-10-06 14:48:00,4376.12,4376.12,4376.12,4376.12,0.0
2017-10-06 14:49:00,4375.15,4379.98,4375.15,4379.98,2.41052764
2017-10-06 14:50:00,4379.99,4379.99,4379.99,4379.99,0.03959751
2017-10-06 14:51:00,4376.08,4376.04,4376.04,4376.08,0.2950568
2017-10-06 14:52:00,4379.96,4380.0,4379.96,4380.0,2.59877172
2017-10-06 14:53:00,4380.22,4384.98,4380.22,4384.98,3.9525
2017-10-06 14:54:00,4384.98,4384.99,4384.98,4384.99,1.00226034
2017-10-06 14:55:00,4382.33,4384.99,4382.33,4384.99,2.42972161
2017-10-06 14:56:00,4384.95,4381.29,4381.29,4384.95,1.3773071
2017-10-06 14:57:00,4385.0,4381.98,4381.1,4385.0,3.71174455
2017-10-06 14:58:00,4385.0,4385.0,4382.58,4385.0,0.14763474
2017-10-06 14:59:00,4385.0,4383.08,4383.08,4389.0,4.89833896
2017-10-06 15:00:00,4380.0,4386.76,4380.0,4386.76,2.23982655
2017-10-06 15:01:00,4386.69,4383.03,4380.02,4386.69,0.13188001
2017-10-06 15:02:00,4383.04,4380.28,4380.19,4385.0,0.3231928
2017-10-06 15:03:00,4384.99,4380.5,4380.5,4384.99,4.59921141
2017-10-06 15:04:00,4383.0,4383.0,4383.0,4384.89,0.17421087
2017-10-06 15:05:00,4383.0,4380.3,4380.3,4387.18,5.20435897
2017-10-06 15:06:00,4385.68,4385.07,4381.02,4389.0,7.23808987
2017-10-06 15:07:00,4385.07,4383.03,4383.03,4389.0,2.96590577
2017-10-06 15:08:00,4383.02,4383.03,4383.02,4386.0,1.47831714
2017-10-06 15:09:00,4386.0,4385.1,4383.05,4389.0,7.43007879
2017-10-06 15:10:00,4389.0,4388.98,4383.75,4389.0,7.43114975
2017-10-06 15:11:00,4389.0,4388.97,4384.01,4389.0,0.24325104
2017-10-06 15:12:00,4388.97,4389.0,4388.97,4389.0,1.95571647
2017-10-06 15:13:00,4389.0,4388.0,4384.71,4389.0,2.05960553
2017-10-06 15:14:00,4384.81,4384.02,4384.02,4389.0,9.90584706
2017-10-06 15:15:00,4384.02,4384.01,4376.18,4387.25,7.57530865
2017-10-06 15:16:00,4384.01,4376.04,4376.04,4384.01,3.75017392
2017-10-06 15:17:00,4379.16,4382.85,4376.95,4382.86,2.395815
2017-10-06 15:18:00,4382.86,4379.47,4379.47,4383.39,1.16450128
2017-10-06 15:19:00,4383.98,4384.0,4383.96,4384.0,5.289812
2017-10-06 15:20:00,4380.58,4376.05,4376.05,4380.58,0.4
2017-10-06 15:21:00,4383.94,4383.94,4383.94,4383.94,0.05233192
2017-10-06 15:22:00,4380.0,4382.21,4380.0,4382.21,0.11853433
2017-10-06 15:23:00,4383.89,4383.89,4383.89,4383.89,0.02679
2017-10-06 15:24:00,4383.89,4382.51,4382.51,4384.0,1.1068
2017-10-06 15:25:00,4383.93,4383.0,4382.91,4383.97,1.66154531
2017-10-06 15:26:00,4383.01,4383.0,4383.0,4383.59,1.33844171
2017-10-06 15:27:00,4383.49,4383.0,4382.5,4383.49,1.40119529
2017-10-06 15:28:00,4382.5,4376.13,4376.13,4382.5,3.13336314
2017-10-06 15:29:00,4378.0,4381.79,4377.99,4381.79,0.303194
2017-10-06 15:30:00,4378.02,4382.46,4378.02,4382.46,0.46160432
2017-10-06 15:31:00,4382.46,4377.64,4377.63,4382.54,0.23263431
2017-10-06 15:32:00,4381.63,4381.63,4381.63,4381.63,0.02348827
2017-10-06 15:33:00,4381.63,4382.23,4377.4,4382.23,0.25171258
2017-10-06 15:34:00,4382.54,4381.99,4377.38,4383.0,1.53852935
2017-10-06 15:35:00,4377.76,4377.62,4377.62,4381.97,3.83798242
2017-10-06 15:36:00,4382.0,4377.69,4377.69,4383.0,1.17069295
2017-10-06 15:37:00,4382.55,4383.0,4382.55,4383.0,0.20799099
2017-10-06 15:38:00,4383.0,4379.47,4379.47,4383.0,5.30105837
2017-10-06 15:39:00,4383.41,4383.89,4379.5,4383.89,3.57659937
2017-10-06 15:40:00,4379.71,4385.94,4379.71,4385.94,2.69862558
2017-10-06 15:41:00,4387.91,4388.18,4387.17,4388.83,10.02265226
2017-10-06 15:42:00,4388.76,4387.89,4383.0,4388.76,10.47717102
2017-10-06 15:43:00,4387.9,4389.8,4387.6,4389.8,8.9140034
2017-10-06 15:44:00,4387.04,4383.65,4383.65,4387.04,0.20203698
2017-10-06 15:45:00,4383.65,4383.54,4383.03,4383.66,0.94197151
2017-10-06 15:46:00,4383.54,4383.01,4383.01,4383.54,4.78090828
2017-10-06 15:47:00,4383.54,4383.0,4383.0,4383.66,5.6759292
2017-10-06 15:48:00,4382.99,4382.96,4382.96,4382.99,1.04925052
2017-10-06 15:49:00,4382.99,4382.85,4382.01,4382.99,0.33233575
2017-10-06 15:50:00,4382.8,4382.01,4382.01,4382.8,0.059005
2017-10-06 15:51:00,4382.01,4382.01,4382.0,4382.77,0.88231252
2017-10-06 15:52:00,4382.0,4377.83,4377.78,4382.0,6.14045731
2017-10-06 15:53:00,4381.96,4382.01,4381.96,4382.01,0.034937
2017-10-06 15:54:00,4377.86,4377.86,4377.86,4377.86,0.114
2017-10-06 15:55:00,4379.83,4381.78,4379.83,4382.01,0.0798088
2017-10-06 15:56:00,4377.9,4379.0,4377.78,4382.08,7.54285324
2017-10-06 15:57:00,4379.0,4379.0,4379.0,4379.0,0.0
2017-10-06 15:58:00,4378.95,4377.73,4375.0,4379.0,5.83800942
2017-10-06 15:59:00,4377.77,4376.72,4371.59,4378.25,3.50920989
2017-10-06 16:00:00,4371.61,4370.87,4370.87,4376.63,0.70450179
2017-10-06 16:01:00,4371.5,4371.47,4370.4,4371.5,0.40192326
2017-10-06 16:02:00,4370.83,4373.75,4370.0,4373.77,5.69541556
2017-10-06 16:03:00,4370.16,4370.12,4370.12,4370.16,2.20313012
2017-10-06 16:04:00,4373.66,4370.29,4370.25,4373.76,0.12310217
2017-10-06 16:05:00,4373.72,4376.6,4373.72,4376.6,4.29671308
2017-10-06 16:06:00,4375.01,4375.03,4375.01,4375.03,0.11116614
2017-10-06 16:07:00,4376.55,4376.49,4376.49,4376.55,0.15810481
2017-10-06 16:08:00,4376.32,4372.15,4372.1,4376.85,2.40587505
2017-10-06 16:09:00,4372.07,4372.15,4372.07,4372.15,0.39591763
2017-10-06 16:10:00,4372.15,4370.31,4370.31,4373.83,3.04445674
2017-10-06 16:11:00,4373.82,4374.91,4370.31,4374.92,1.05587194
2017-10-06 16:12:00,4374.92,4374.92,4374.92,4374.92,0.56564537
2017-10-06 16:13:00,4374.92,4376.24,4374.89,4376.24,4.62358149
2017-10-06 16:14:00,4374.92,4374.92,4374.92,4374.92,0.1809504
2017-10-06 16:15:00,4374.91,4376.37,4374.91,4377.93,2.74894385
2017-10-06 16:16:00,4377.27,4375.59,4375.59,4379.0,0.47319513
2017-10-06 16:17:00,4377.2,4378.92,4374.89,4378.93,4.22085763
2017-10-06 16:18:00,4378.92,4381.77,4378.89,4381.77,4.00021177
2017-10-06 16:19:00,4379.16,4378.94,4378.93,4380.98,0.56038816
2017-10-06 16:20:00,4381.0,4375.94,4375.94,4381.0,2.5225
2017-10-06 16:21:00,4378.5,4375.0,4375.0,4378.5,4.47349395
2017-10-06 16:22:00,4377.73,4378.4,4375.0,4380.32,9.18345694
2017-10-06 16:23:00,4377.73,4375.89,4375.89,4377.73,1.67686426
2017-10-06 16:24:00,4375.01,4370.1,4370.1,4377.73,25.96364398
2017-10-06 16:25:00,4370.1,4376.05,4370.1,4376.46,6.620747
2017-10-06 16:26:00,4376.08,4368.06,4368.06,4376.46,9.40272171
2017-10-06 16:27:00,4373.89,4373.15,4373.1,4373.9,1.27046857
2017-10-06 16:28:00,4373.15,4373.0,4368.14,4373.15,1.93193923
2017-10-06 16:29:00,4368.26,4372.57,4368.26,4372.61,2.08182144
2017-10-06 16:30:00,4372.61,4372.98,4372.61,4372.99,2.57390517
2017-10-06 16:31:00,4372.97,4372.0,4368.41,4379.51,11.48665368
2017-10-06 16:32:00,4371.0,4376.67,4371.0,4380.46,2.49447195
2017-10-06 16:33:00,4375.7,4357.09,4312.82,4375.7,276.4371244
2017-10-06 16:34:00,4347.69,4358.31,4347.69,4360.59,31.95700887
2017-10-06 16:35:00,4358.31,4359.79,4352.9,4365.31,6.85979162
2017-10-06 16:36:00,4359.79,4362.61,4359.05,4365.31,9.05444274
2017-10-06 16:37:00,4363.33,4365.39,4363.33,4366.61,17.77679689
2017-10-06 16:38:00,4367.56,4365.37,4365.36,4367.57,2.46960907
2017-10-06 16:39:00,4365.37,4369.69,4364.68,4369.69,1.28601492
2017-10-06 16:40:00,4369.69,4369.69,4362.52,4373.15,2.27247046
2017-10-06 16:41:00,4366.45,4367.47,4362.58,4367.47,0.21388751
2017-10-06 16:42:00,4367.47,4363.47,4363.47,4371.32,0.52047678
2017-10-06 16:43:00,4364.13,4369.15,4364.13,4369.15,10.05125778
2017-10-06 16:44:00,4369.57,4369.78,4363.1,4369.81,5.42836272
2017-10-06 16:45:00,4370.36,4370.99,4368.48,4370.99,4.09456526
2017-10-06 16:46:00,4370.99,4370.79,4370.79,4370.99,0.51633983
2017-10-06 16:47:00,4370.78,4369.79,4369.79,4370.99,7.26365658
2017-10-06 16:48:00,4371.0,4369.82,4369.8,4371.0,1.62924969
2017-10-06 16:49:00,4369.79,4369.82,4369.79,4369.82,0.14879195
2017-10-06 16:50:00,4369.79,4374.07,4369.79,4374.35,2.79646188
2017-10-06 16:51:00,4371.04,4373.92,4371.04,4373.92,0.02715452
2017-10-06 16:52:00,4373.9,4373.0,4371.09,4373.9,1.36086532
2017-10-06 16:53:00,4373.0,4374.99,4373.0,4375.04,14.89748702
2017-10-06 16:54:00,4374.99,4375.04,4374.99,4375.04,11.55896207
2017-10-06 16:55:00,4375.04,4375.04,4375.01,4375.04,36.18651604
2017-10-06 16:56:00,4375.01,4375.38,4375.01,4375.38,3.78801199
2017-10-06 16:57:00,4376.73,4377.83,4376.73,4377.83,3.41770362
2017-10-06 16:58:00,4377.82,4377.83,4377.8,4377.83,0.60884498
2017-10-06 16:59:00,4377.82,4377.66,4377.66,4377.83,5.4639911
2017-10-06 17:00:00,4377.83,4377.83,4374.99,4377.83,17.58075465
2017-10-06 17:01:00,4377.83,4377.83,4377.83,4377.83,6.67188229
2017-10-06 17:02:00,4377.83,4377.83,4377.83,4377.83,0.64152565
2017-10-06 17:03:00,4377.83,4377.83,4377.83,4377.83,5.51851352
2017-10-06 17:04:00,4377.83,4377.83,4377.83,4377.83,11.37745139
2017-10-06 17:05:00,4377.83,4377.83,4377.83,4377.83,0.7938489
2017-10-06 17:06:00,4376.56,4377.83,4376.56,4377.83,2.15382518
2017-10-06 17:07:00,4377.41,4381.61,4377.41,4381.61,1.29581509
2017-10-06 17:08:00,4378.31,4382.01,4378.31,4384.44,9.72057283
2017-10-06 17:09:00,4383.85,4383.85,4383.85,4383.85,0.13657864
2017-10-06 17:10:00,4382.04,4384.42,4382.04,4384.42,0.51178147
2017-10-06 17:11:00,4384.42,4385.66,4384.42,4386.29,3.03858103
2017-10-06 17:12:00,4385.57,4386.2,4385.57,4386.2,0.4227207
2017-10-06 17:13:00,4385.54,4385.54,4385.54,4385.54,0.19280228
2017-10-06 17:14:00,4381.2,4385.52,4381.09,4385.52,0.24963618
2017-10-06 17:15:00,4385.49,4385.49,4385.49,4385.49,2.0
2017-10-06 17:16:00,4381.57,4381.54,4381.54,4381.57,5.45964729
2017-10-06 17:17:00,4386.34,4386.34,4386.34,4386.34,0.01178502
2017-10-06 17:18:00,4386.34,4386.21,4381.75,4387.04,0.3298988
2017-10-06 17:19:00,4387.04,4387.04,4386.34,4387.04,0.57343698
2017-10-06 17:20:00,4387.04,4384.41,4384.41,4387.04,0.13715062
2017-10-06 17:21:00,4384.42,4390.0,4384.41,4390.0,2.41380819
2017-10-06 17:22:00,4390.0,4390.0,4389.99,4390.0,0.68936444
2017-10-06 17:23:00,4390.0,4392.63,4390.0,4393.0,6.74684851
2017-10-06 17:24:00,4392.6,4393.0,4390.24,4393.0,3.1550789
2017-10-06 17:25:00,4392.96,4388.36,4388.36,4392.96,2.81706978
2017-10-06 17:26:00,4388.36,4389.34,4388.36,4389.34,0.06002118
2017-10-06 17:27:00,4390.13,4392.98,4390.12,4392.98,0.19162076
2017-10-06 17:28:00,4390.13,4390.13,4390.12,4392.97,0.65488884
2017-10-06 17:29:00,4393.0,4390.12,4390.12,4393.0,0.29398377
2017-10-06 17:30:00,4390.13,4390.94,4390.13,4390.97,0.12180298
2017-10-06 17:31:00,4390.9,4390.89,4390.12,4390.9,2.68816006
2017-10-06 17:32:00,4390.5,4392.0,4390.5,4392.1,0.45847344
2017-10-06 17:33:00,4390.86,4393.05,4390.86,4393.05,0.02205593
2017-10-06 17:34:00,4393.01,4387.35,4387.35,4393.05,1.43788181
2017-10-06 17:35:00,4393.03,4384.0,4384.0,4393.03,34.38507744
2017-10-06 17:36:00,4382.96,4353.0,4353.0,4382.96,107.7092445
2017-10-06 17:37:00,4350.0,4360.18,4350.0,4360.18,40.04546913
2017-10-06 17:38:00,4356.72,4370.0,4356.72,4370.0,31.81643063
2017-10-06 17:39:00,4370.0,4377.45,4369.95,4377.45,10.74156445
2017-10-06 17:40:00,4374.97,4374.45,4374.45,4374.97,0.33741901
2017-10-06 17:41:00,4372.19,4360.98,4360.98,4373.96,6.10966951
2017-10-06 17:42:00,4360.98,4336.05,4335.81,4360.98,126.6568971
2017-10-06 17:43:00,4336.07,4341.19,4334.38,4341.19,49.92896701
2017-10-06 17:44:00,4341.19,4338.45,4338.36,4343.06,2.64610081
2017-10-06 17:45:00,4341.22,4345.0,4336.09,4345.0,2.3501765
2017-10-06 17:46:00,4342.94,4342.87,4341.25,4345.38,1.00025429
2017-10-06 17:47:00,4342.84,4360.97,4341.29,4360.97,15.39470146
2017-10-06 17:48:00,4360.97,4350.0,4350.0,4360.97,12.80545
2017-10-06 17:49:00,4353.78,4353.77,4353.77,4353.78,1.953467
2017-10-06 17:50:00,4353.79,4350.39,4350.39,4353.79,0.50202198
2017-10-06 17:51:00,4350.39,4350.39,4348.14,4350.39,0.28362826
2017-10-06 17:52:00,4350.39,4357.28,4348.76,4359.86,5.6045887
2017-10-06 17:53:00,4356.6,4359.17,4356.6,4359.88,0.51794073
2017-10-06 17:54:00,4358.95,4359.0,4358.95,4359.0,1.01798441
2017-10-06 17:55:00,4358.67,4353.65,4352.22,4358.75,2.53040869
2017-10-06 17:56:00,4350.39,4349.49,4341.29,4350.75,19.53057407
2017-10-06 17:57:00,4345.23,4347.79,4341.36,4347.79,4.38381343
2017-10-06 17:58:00,4348.52,4341.0,4340.99,4353.41,16.61504915
2017-10-06 17:59:00,4337.11,4342.03,4337.0,4342.54,2.03713848
2017-10-06 18:00:00,4342.02,4337.02,4334.38,4342.02,5.56050192
2017-10-06 18:01:00,4336.24,4352.31,4336.24,4352.32,10.3184489
2017-10-06 18:02:00,4352.19,4352.19,4352.19,4352.19,0.09166156
2017-10-06 18:03:00,4347.01,4354.84,4347.01,4354.86,3.32591466
2017-10-06 18:04:00,4354.83,4348.02,4348.02,4355.09,1.80343266
2017-10-06 18:05:00,4351.96,4352.0,4351.96,4352.0,0.02239773
2017-10-06 18:06:00,4351.96,4351.84,4351.84,4351.96,0.10366464
2017-10-06 18:07:00,4351.98,4351.84,4348.03,4351.99,0.35033316
2017-10-06 18:08:00,4351.72,4348.03,4348.03,4351.72,0.1728971
2017-10-06 18:09:00,4348.03,4338.0,4337.68,4349.6,44.08839573
2017-10-06 18:10:00,4341.09,4341.09,4337.21,4341.09,14.95900834
2017-10-06 18:11:00,4339.97,4341.09,4339.97,4341.09,4.19166162
2017-10-06 18:12:00,4341.08,4338.7,4338.7,4341.09,1.89263114
2017-10-06 18:13:00,4338.7,4335.02,4335.02,4340.82,6.24378028
2017-10-06 18:14:00,4335.13,4332.98,4330.62,4340.88,50.07536111
2017-10-06 18:15:00,4333.0,4331.84,4320.0,4333.0,40.60295133
2017-10-06 18:16:00,4321.67,4327.7,4320.0,4327.7,91.75809395
2017-10-06 18:17:00,4329.07,4332.68,4320.0,4333.0,61.49016749
2017-10-06 18:18:00,4332.57,4338.66,4328.61,4338.66,14.58090678
2017-10-06 18:19:00,4332.69,4326.41,4321.0,4337.82,12.09407133
2017-10-06 18:20:00,4337.61,4337.69,4337.48,4337.69,0.77921462
2017-10-06 18:21:00,4332.24,4331.86,4330.17,4336.69,0.45180718
2017-10-06 18:22:00,4332.31,4332.31,4332.31,4332.31,0.028541
2017-10-06 18:23:00,4329.98,4330.0,4329.98,4330.0,1.1472507
2017-10-06 18:24:00,4329.98,4329.94,4329.94,4330.0,3.5986527
2017-10-06 18:25:00,4327.7,4329.01,4327.7,4330.0,1.1304388
2017-10-06 18:26:00,4329.02,4329.02,4329.02,4329.02,0.23791899
2017-10-06 18:27:00,4328.21,4330.0,4328.21,4330.0,0.5374055
2017-10-06 18:28:00,4330.0,4339.0,4330.0,4342.78,36.3679252
2017-10-06 18:29:00,4339.0,4343.59,4337.21,4343.59,13.02422072
2017-10-06 18:30:00,4343.59,4343.77,4340.0,4344.0,0.89385873
2017-10-06 18:31:00,4343.76,4343.99,4342.4,4344.0,7.18686872
2017-10-06 18:32:00,4343.78,4344.0,4343.77,4344.0,25.123674
2017-10-06 18:33:00,4343.99,4343.15,4343.15,4346.79,9.78930855
2017-10-06 18:34:00,4342.99,4342.94,4335.06,4342.99,5.65634238
2017-10-06 18:35:00,4339.0,4340.31,4339.0,4340.31,0.22767372
2017-10-06 18:36:00,4340.3,4342.67,4340.3,4342.77,1.14818373
2017-10-06 18:37:00,4340.4,4339.99,4335.01,4340.4,0.54285178
2017-10-06 18:38:00,4335.03,4329.0,4329.0,4343.78,21.45211767
2017-10-06 18:39:00,4334.99,4334.98,4334.98,4340.32,0.33069077
2017-10-06 18:40:00,4340.19,4339.99,4339.99,4340.3,2.74219991
2017-10-06 18:41:00,4338.26,4334.49,4334.49,4340.0,3.50614738
2017-10-06 18:42:00,4334.61,4342.76,4332.89,4342.76,69.46488798
2017-10-06 18:43:00,4340.53,4339.0,4338.99,4340.53,7.30094452
2017-10-06 18:44:00,4339.0,4338.99,4338.99,4339.0,1.57729491
2017-10-06 18:45:00,4339.0,4340.53,4338.99,4340.53,18.35755548
2017-10-06 18:46:00,4340.54,4339.98,4338.01,4344.28,26.63045627
2017-10-06 18:47:00,4340.0,4340.0,4340.0,4340.0,3.25316557
2017-10-06 18:48:00,4340.0,4340.01,4340.0,4347.35,15.92818224
2017-10-06 18:49:00,4343.14,4333.98,4332.92,4343.36,4.50190632
2017-10-06 18:50:00,4333.98,4334.0,4333.97,4334.0,15.39923334
2017-10-06 18:51:00,4334.0,4334.0,4333.99,4334.0,4.83309262
2017-10-06 18:52:00,4334.0,4334.0,4334.0,4338.16,11.01026709
2017-10-06 18:53:00,4334.0,4334.0,4334.0,4334.0,2.87789469
2017-10-06 18:54:00,4334.0,4334.0,4333.99,4334.0,3.88518628
2017-10-06 18:55:00,4334.0,4334.0,4334.0,4334.0,3.02398016
2017-10-06 18:56:00,4334.0,4334.0,4334.0,4334.0,2.42140266
2017-10-06 18:57:00,4334.0,4334.0,4334.0,4334.0,0.43143158
2017-10-06 18:58:00,4334.0,4333.99,4333.99,4334.0,1.43865317
2017-10-06 18:59:00,4334.0,4334.0,4334.0,4334.0,0.00174615
2017-10-06 19:00:00,4334.0,4332.09,4332.09,4334.0,2.00312436
2017-10-06 19:01:00,4333.96,4333.22,4333.2,4333.96,2.81285216
2017-10-06 19:02:00,4333.22,4333.71,4332.98,4333.9,1.01829643
2017-10-06 19:03:00,4333.99,4333.92,4333.71,4334.0,0.89109929
2017-10-06 19:04:00,4334.0,4334.0,4334.0,4334.0,1.19472172
2017-10-06 19:05:00,4333.3,4334.0,4333.3,4334.0,0.17577375
2017-10-06 19:06:00,4333.99,4334.0,4333.0,4334.0,2.72051887
2017-10-06 19:07:00,4334.0,4333.99,4333.99,4334.0,0.63924804
2017-10-06 19:08:00,4331.53,4334.0,4331.53,4334.0,0.25896656
2017-10-06 19:09:00,4333.53,4333.52,4333.52,4334.0,8.60154098
2017-10-06 19:10:00,4334.0,4334.0,4329.67,4334.0,3.25589589
2017-10-06 19:11:00,4333.99,4329.88,4329.88,4333.99,0.66988141
2017-10-06 19:12:00,4329.99,4328.1,4328.1,4329.99,0.41152127
2017-10-06 19:13:00,4329.99,4325.0,4325.0,4329.99,6.25140897
2017-10-06 19:14:00,4325.0,4328.28,4323.08,4328.28,3.42843862
2017-10-06 19:15:00,4328.27,4325.99,4322.17,4328.27,2.28664532
2017-10-06 19:16:00,4325.99,4323.15,4320.99,4325.99,20.76049349
2017-10-06 19:17:00,4320.02,4319.98,4315.74,4320.02,160.7723699
2017-10-06 19:18:00,4319.99,4312.82,4312.82,4320.0,116.9574926
2017-10-06 19:19:00,4312.82,4311.96,4298.01,4318.34,62.1909582
2017-10-06 19:20:00,4301.17,4306.16,4301.17,4310.79,2.48548149
2017-10-06 19:21:00,4311.99,4310.89,4306.99,4316.09,6.02807501
2017-10-06 19:22:00,4310.89,4320.41,4310.14,4320.41,7.75379217
2017-10-06 19:23:00,4315.79,4324.0,4312.3,4324.0,2.66664304
2017-10-06 19:24:00,4323.77,4322.01,4322.01,4323.94,0.31586845
2017-10-06 19:25:00,4321.98,4321.99,4320.78,4322.02,3.0506168
2017-10-06 19:26:00,4321.95,4320.73,4320.72,4321.96,2.50621627
2017-10-06 19:27:00,4320.76,4320.04,4320.04,4320.76,0.35297365
2017-10-06 19:28:00,4320.7,4320.0,4320.0,4320.7,3.49380507
2017-10-06 19:29:00,4312.69,4317.45,4312.69,4317.45,2.17693241
2017-10-06 19:30:00,4317.34,4317.42,4314.84,4317.46,0.26148031
2017-10-06 19:31:00,4317.42,4318.89,4305.53,4320.66,15.42387032
2017-10-06 19:32:00,4311.37,4316.41,4311.37,4316.41,0.386936
2017-10-06 19:33:00,4316.41,4316.41,4316.41,4316.41,0.0085
2017-10-06 19:34:00,4316.41,4316.41,4316.41,4316.41,0.07123502
2017-10-06 19:35:00,4315.2,4316.4,4315.0,4316.4,0.36827006
2017-10-06 19:36:00,4316.4,4316.4,4315.31,4316.4,0.1429275
2017-10-06 19:37:00,4316.4,4316.4,4316.4,4316.4,0.02
2017-10-06 19:38:00,4317.16,4320.0,4317.16,4320.0,2.83289806
2017-10-06 19:39:00,4320.7,4321.58,4320.38,4322.0,0.89907311
2017-10-06 19:40:00,4321.58,4325.59,4320.42,4325.59,10.13682593
2017-10-06 19:41:00,4325.59,4325.66,4325.59,4329.36,1.16752093
2017-10-06 19:42:00,4322.14,4327.69,4322.14,4327.69,1.01187343
2017-10-06 19:43:00,4330.37,4327.48,4324.07,4330.37,2.0704434
2017-10-06 19:44:00,4324.26,4329.46,4324.26,4332.66,3.18694565
2017-10-06 19:45:00,4329.46,4325.3,4325.3,4329.47,1.5157669
2017-10-06 19:46:00,4326.85,4326.83,4326.83,4326.85,0.95679488
2017-10-06 19:47:00,4326.85,4330.39,4326.85,4330.39,12.67326025
2017-10-06 19:48:00,4330.4,4330.4,4330.4,4330.4,0.003956
2017-10-06 19:49:00,4328.03,4330.4,4328.03,4330.4,0.06067927
2017-10-06 19:50:00,4330.4,4333.0,4330.4,4333.0,1.66095903
2017-10-06 19:51:00,4332.92,4334.37,4332.92,4334.38,9.06742438
2017-10-06 19:52:00,4334.37,4334.38,4334.37,4334.38,1.04967889
2017-10-06 19:53:00,4334.37,4334.01,4334.01,4334.38,3.73691558
2017-10-06 19:54:00,4334.38,4338.38,4333.56,4338.38,47.13107227
2017-10-06 19:55:00,4338.42,4338.99,4338.42,4339.0,0.97221061
2017-10-06 19:56:00,4339.0,4340.83,4337.81,4340.83,2.60781478
2017-10-06 19:57:00,4340.93,4342.07,4337.81,4342.24,10.21927763
2017-10-06 19:58:00,4342.06,4341.91,4341.91,4342.06,0.25569159
2017-10-06 19:59:00,4341.87,4338.01,4338.01,4341.87,1.31098312
2017-10-06 20:00:00,4338.0,4332.27,4331.82,4338.5,8.57138556
2017-10-06 20:01:00,4337.21,4342.99,4337.21,4342.99,5.15034551
2017-10-06 20:02:00,4343.0,4345.18,4339.03,4345.18,14.10855877
2017-10-06 20:03:00,4346.88,4348.74,4346.88,4348.74,1.87879212
2017-10-06 20:04:00,4341.07,4341.7,4341.0,4346.06,4.59960381
2017-10-06 20:05:00,4345.99,4345.0,4341.7,4346.0,0.6856588
2017-10-06 20:06:00,4343.56,4335.0,4335.0,4343.56,24.99884787
2017-10-06 20:07:00,4330.4,4340.6,4330.0,4340.6,9.84059278
2017-10-06 20:08:00,4335.71,4340.0,4335.71,4340.0,0.48770544
2017-10-06 20:09:00,4340.0,4344.47,4339.69,4344.94,3.73234274
2017-10-06 20:10:00,4340.02,4341.94,4340.02,4341.94,0.37823205
2017-10-06 20:11:00,4343.79,4341.54,4340.05,4343.79,0.07309746
2017-10-06 20:12:00,4341.55,4341.55,4341.55,4341.55,0.1996679
2017-10-06 20:13:00,4341.55,4342.68,4337.21,4342.68,7.97645332
2017-10-06 20:14:00,4343.85,4345.0,4343.66,4345.0,24.05230909
2017-10-06 20:15:00,4345.88,4345.7,4341.55,4345.88,0.13748252
2017-10-06 20:16:00,4345.45,4344.84,4344.83,4345.46,0.05745374
2017-10-06 20:17:00,4341.63,4344.56,4341.63,4344.56,0.68482381
2017-10-06 20:18:00,4344.25,4344.25,4344.25,4344.25,0.01175318
2017-10-06 20:19:00,4342.0,4341.99,4341.55,4342.0,0.22169598
2017-10-06 20:20:00,4341.0,4341.87,4341.0,4341.87,0.11736625
2017-10-06 20:21:00,4341.01,4340.0,4340.0,4341.01,7.85497968
2017-10-06 20:22:00,4338.11,4337.99,4337.98,4338.12,0.05186233
2017-10-06 20:23:00,4337.95,4325.3,4325.3,4337.95,3.06036288
2017-10-06 20:24:00,4322.9,4335.19,4322.27,4335.19,6.73485584
2017-10-06 20:25:00,4335.07,4333.85,4329.12,4335.09,1.60848411
2017-10-06 20:26:00,4330.86,4328.23,4328.23,4333.85,0.07827995
2017-10-06 20:27:00,4333.86,4333.86,4333.86,4333.86,0.01028749
2017-10-06 20:28:00,4333.86,4333.86,4329.28,4333.86,0.82202325
2017-10-06 20:29:00,4333.86,4335.25,4330.26,4335.25,2.40258043
2017-10-06 20:30:00,4335.25,4339.0,4335.25,4339.0,8.15226154
2017-10-06 20:31:00,4339.0,4344.23,4338.98,4344.25,16.23570107
2017-10-06 20:32:00,4344.27,4344.33,4339.0,4344.33,0.9850776
2017-10-06 20:33:00,4344.29,4350.39,4344.29,4350.39,12.68346819
2017-10-06 20:34:00,4345.99,4349.99,4340.05,4350.0,7.79810478
2017-10-06 20:35:00,4350.0,4346.36,4346.26,4352.0,5.49682896
2017-10-06 20:36:00,4345.95,4346.0,4340.87,4346.0,0.08901109
2017-10-06 20:37:00,4345.94,4342.69,4341.07,4346.0,0.57072521
2017-10-06 20:38:00,4342.72,4335.63,4335.51,4342.72,10.71488647
2017-10-06 20:39:00,4335.58,4338.57,4335.58,4338.57,6.00021343
2017-10-06 20:40:00,4334.23,4334.23,4334.23,4334.23,0.09348086
2017-10-06 20:41:00,4333.62,4344.23,4333.62,4344.23,2.90832181
2017-10-06 20:42:00,4344.19,4340.28,4340.28,4344.19,0.07930395
2017-10-06 20:43:00,4340.28,4336.9,4336.9,4344.23,1.92540515
2017-10-06 20:44:00,4342.44,4342.44,4342.44,4342.44,0.25679087
2017-10-06 20:45:00,4345.87,4342.62,4341.44,4346.0,3.30373108
2017-10-06 20:46:00,4345.89,4341.25,4341.25,4345.98,0.28972483
2017-10-06 20:47:00,4341.24,4339.32,4339.23,4341.24,0.18237936
2017-10-06 20:48:00,4339.4,4345.6,4339.4,4345.6,0.03237456
2017-10-06 20:49:00,4345.94,4345.88,4345.88,4345.99,0.00717
2017-10-06 20:50:00,4345.88,4345.77,4345.77,4345.99,0.07353947
2017-10-06 20:51:00,4340.99,4344.53,4338.02,4344.53,2.8010198
2017-10-06 20:52:00,4345.94,4345.94,4345.9,4345.94,0.00856341
2017-10-06 20:53:00,4344.53,4342.46,4342.42,4344.54,1.18397894
2017-10-06 20:54:00,4339.64,4338.0,4338.0,4339.64,12.56895716
2017-10-06 20:55:00,4337.99,4337.99,4335.44,4338.0,1.27659743
2017-10-06 20:56:00,4335.16,4337.99,4335.16,4338.0,0.66024094
2017-10-06 20:57:00,4333.73,4330.05,4330.05,4337.99,12.30613829
2017-10-06 20:58:00,4337.99,4338.0,4334.0,4338.0,3.9812766
2017-10-06 20:59:00,4338.0,4336.33,4330.02,4338.0,4.22179589
2017-10-06 21:00:00,4330.03,4336.27,4330.0,4336.33,1.30256695
2017-10-06 21:01:00,4330.0,4333.87,4328.04,4333.87,0.36755193
2017-10-06 21:02:00,4333.84,4329.52,4328.04,4333.84,0.46375497
2017-10-06 21:03:00,4328.06,4322.82,4322.82,4328.06,8.19646485
2017-10-06 21:04:00,4322.38,4324.0,4321.82,4327.47,1.03086722
2017-10-06 21:05:00,4324.01,4329.66,4322.13,4329.66,0.4197189
2017-10-06 21:06:00,4329.66,4325.67,4325.67,4337.69,1.59620785
2017-10-06 21:07:00,4329.67,4335.88,4329.67,4335.88,0.13182562
2017-10-06 21:08:00,4335.0,4329.75,4329.74,4335.21,2.59018285
2017-10-06 21:09:00,4335.16,4335.14,4329.67,4335.16,1.1028481
2017-10-06 21:10:00,4335.16,4336.3,4330.06,4338.0,5.45234452
2017-10-06 21:11:00,4336.3,4337.8,4336.3,4337.8,2.3374
2017-10-06 21:12:00,4336.88,4337.73,4336.88,4337.82,0.78166214
2017-10-06 21:13:00,4337.69,4337.72,4337.69,4337.72,3.13071187
2017-10-06 21:14:00,4336.88,4337.73,4336.88,4337.73,1.22049041
2017-10-06 21:15:00,4337.99,4338.0,4337.99,4338.0,1.18636563
2017-10-06 21:16:00,4337.99,4337.99,4337.99,4338.0,0.1519743
2017-10-06 21:17:00,4337.56,4342.46,4336.87,4342.46,1.46893268
2017-10-06 21:18:00,4342.03,4342.46,4342.03,4342.46,0.05964153
2017-10-06 21:19:00,4343.64,4345.93,4343.62,4345.93,2.75019484
2017-10-06 21:20:00,4345.93,4345.99,4344.65,4346.0,5.12144315
2017-10-06 21:21:00,4346.0,4349.99,4345.0,4349.99,5.66479886
2017-10-06 21:22:00,4349.99,4346.47,4346.47,4350.14,2.19764973
2017-10-06 21:23:00,4346.45,4338.64,4338.64,4346.45,3.52655443
2017-10-06 21:24:00,4336.87,4340.46,4335.04,4340.47,2.056332
2017-10-06 21:25:00,4340.43,4338.24,4335.94,4340.43,0.40373018
2017-10-06 21:26:00,4338.24,4338.24,4335.98,4338.24,0.01401405
2017-10-06 21:27:00,4340.49,4341.3,4340.47,4341.3,0.13640077
2017-10-06 21:28:00,4343.03,4336.44,4336.44,4343.34,1.23149203
2017-10-06 21:29:00,4336.53,4336.53,4336.53,4336.53,0.012
2017-10-06 21:30:00,4343.06,4343.3,4343.06,4343.3,0.06276285
2017-10-06 21:31:00,4343.3,4343.3,4343.3,4343.3,0.0
2017-10-06 21:32:00,4342.77,4342.58,4334.8,4342.77,1.08942579
2017-10-06 21:33:00,4342.58,4342.58,4342.58,4342.58,0.0
2017-10-06 21:34:00,4343.04,4343.02,4343.02,4343.04,0.09932632
2017-10-06 21:35:00,4343.02,4343.02,4343.02,4343.02,0.0
2017-10-06 21:36:00,4342.92,4334.67,4334.67,4342.92,0.17282134
2017-10-06 21:37:00,4340.39,4340.39,4340.39,4340.39,0.02708846
2017-10-06 21:38:00,4334.95,4340.32,4334.95,4340.32,0.2876119
2017-10-06 21:39:00,4340.42,4340.32,4335.2,4340.42,0.26764316
2017-10-06 21:40:00,4340.42,4340.42,4340.42,4340.42,0.00293299
2017-10-06 21:41:00,4342.55,4335.16,4335.16,4344.73,10.24333608
2017-10-06 21:42:00,4338.97,4339.0,4338.97,4339.0,0.0342843
2017-10-06 21:43:00,4335.38,4339.0,4335.38,4339.0,0.39545576
2017-10-06 21:44:00,4339.0,4339.0,4338.99,4339.0,9.56424664
2017-10-06 21:45:00,4342.2,4339.0,4339.0,4342.2,3.97546749
2017-10-06 21:46:00,4339.0,4339.0,4339.0,4339.0,0.27144489
2017-10-06 21:47:00,4339.0,4339.0,4339.0,4339.0,0.73933423
2017-10-06 21:48:00,4339.0,4339.0,4336.59,4339.0,4.61833452
2017-10-06 21:49:00,4339.0,4339.0,4338.99,4339.0,4.00223002
2017-10-06 21:50:00,4339.0,4338.97,4338.97,4339.0,0.4162
2017-10-06 21:51:00,4338.99,4339.0,4338.99,4339.0,0.14082901
2017-10-06 21:52:00,4338.89,4338.89,4338.89,4338.89,0.30960152
2017-10-06 21:53:00,4335.58,4338.88,4335.51,4338.88,0.42288394
2017-10-06 21:54:00,4338.86,4335.51,4335.51,4338.86,0.37065964
2017-10-06 21:55:00,4338.79,4338.79,4338.79,4338.79,0.01186145
2017-10-06 21:56:00,4338.68,4336.1,4336.1,4338.69,0.16946684
2017-10-06 21:57:00,4338.61,4336.11,4336.11,4338.61,0.04899412
2017-10-06 21:58:00,4338.6,4338.55,4338.55,4338.61,0.28580084
2017-10-06 21:59:00,4338.55,4336.26,4336.21,4338.6,1.93990994
2017-10-06 22:00:00,4337.81,4338.99,4337.81,4338.99,3.00285821
2017-10-06 22:01:00,4339.0,4339.0,4336.31,4339.0,1.25139684
2017-10-06 22:02:00,4336.51,4339.0,4336.51,4339.0,1.63324254
2017-10-06 22:03:00,4339.0,4339.0,4337.05,4339.0,0.94074805
2017-10-06 22:04:00,4336.2,4336.01,4336.01,4336.2,0.29212962
2017-10-06 22:05:00,4336.08,4338.97,4335.0,4338.97,1.66251145
2017-10-06 22:06:00,4339.0,4339.0,4339.0,4339.0,0.5402466
2017-10-06 22:07:00,4339.0,4339.0,4339.0,4339.0,0.5402466
2017-10-06 22:08:00,4338.99,4338.99,4338.99,4338.99,0.51195502
2017-10-06 22:09:00,4336.1,4336.1,4336.1,4336.1,0.11644802
2017-10-06 22:10:00,4336.1,4339.0,4336.1,4339.0,2.5
2017-10-06 22:11:00,4339.0,4335.09,4335.09,4339.0,1.49927271
2017-10-06 22:12:00,4339.0,4339.0,4339.0,4339.0,0.46001383
2017-10-06 22:13:00,4339.0,4339.0,4339.0,4339.0,0.12115003
2017-10-06 22:14:00,4339.0,4335.01,4335.0,4339.0,6.40978008
2017-10-06 22:15:00,4335.0,4335.0,4335.0,4335.0,0.35559481
2017-10-06 22:16:00,4338.94,4334.0,4334.0,4338.94,0.99609832
2017-10-06 22:17:00,4334.0,4334.0,4334.0,4334.0,0.0
2017-10-06 22:18:00,4334.03,4338.07,4334.03,4338.07,0.80976061
2017-10-06 22:19:00,4338.66,4341.01,4338.66,4342.2,1.5257049
2017-10-06 22:20:00,4342.18,4341.0,4341.0,4344.25,5.17117813
2017-10-06 22:21:00,4342.18,4342.18,4342.18,4342.18,0.03697492
2017-10-06 22:22:00,4342.18,4341.0,4341.0,4344.43,1.50026384
2017-10-06 22:23:00,4344.0,4341.0,4341.0,4344.0,0.17358643
2017-10-06 22:24:00,4341.0,4341.0,4341.0,4341.0,0.0
2017-10-06 22:25:00,4341.0,4341.0,4341.0,4341.0,0.0
2017-10-06 22:26:00,4339.9,4339.87,4334.79,4339.9,0.21963777
2017-10-06 22:27:00,4335.92,4335.92,4335.92,4335.92,0.01385228
2017-10-06 22:28:00,4340.99,4340.0,4340.0,4341.0,1.89225513
2017-10-06 22:29:00,4340.0,4340.0,4340.0,4340.0,0.0
2017-10-06 22:30:00,4340.14,4340.14,4340.14,4340.14,0.01741752
2017-10-06 22:31:00,4344.88,4345.0,4344.88,4345.0,0.02846336
2017-10-06 22:32:00,4345.0,4345.0,4345.0,4345.0,0.05280092
2017-10-06 22:33:00,4345.0,4345.0,4345.0,4345.0,0.04692229
2017-10-06 22:34:00,4345.0,4348.97,4345.0,4349.0,5.12216201
2017-10-06 22:35:00,4349.0,4349.0,4348.97,4349.0,0.87647201
2017-10-06 22:36:00,4349.0,4348.97,4348.97,4349.0,5.46955016
2017-10-06 22:37:00,4349.0,4349.0,4349.0,4349.0,2.6147369
2017-10-06 22:38:00,4349.0,4348.99,4348.99,4349.0,1.37684198
2017-10-06 22:39:00,4349.0,4349.0,4349.0,4349.0,0.22043245
2017-10-06 22:40:00,4342.73,4340.51,4340.15,4348.83,0.9779391
2017-10-06 22:41:00,4347.23,4347.23,4347.23,4347.23,0.01235903
2017-10-06 22:42:00,4347.23,4347.23,4347.23,4347.23,0.0
2017-10-06 22:43:00,4347.14,4346.87,4341.04,4347.14,0.46299049
2017-10-06 22:44:00,4342.01,4342.01,4342.01,4347.09,0.68433299
2017-10-06 22:45:00,4342.01,4347.0,4342.01,4347.01,0.19046028
2017-10-06 22:46:00,4342.06,4338.52,4338.52,4342.08,0.85336167
2017-10-06 22:47:00,4338.52,4338.52,4338.52,4338.52,0.0
2017-10-06 22:48:00,4342.97,4342.97,4342.97,4342.97,0.19018372
2017-10-06 22:49:00,4343.0,4346.94,4343.0,4347.23,0.09532032
2017-10-06 22:50:00,4346.94,4346.94,4346.94,4346.94,0.0
2017-10-06 22:51:00,4347.23,4347.23,4347.23,4347.23,0.02110999
2017-10-06 22:52:00,4347.23,4347.23,4347.23,4347.23,0.0
2017-10-06 22:53:00,4347.23,4347.23,4347.23,4347.23,0.02110999
2017-10-06 22:54:00,4347.23,4347.23,4347.23,4347.23,0.0
2017-10-06 22:55:00,4341.78,4347.23,4341.78,4347.23,0.14169063
2017-10-06 22:56:00,4343.01,4343.02,4343.01,4343.02,0.1914375
2017-10-06 22:57:00,4347.22,4349.0,4347.22,4349.0,10.07201367
2017-10-06 22:58:00,4343.22,4348.89,4343.0,4348.89,1.41325105
2017-10-06 22:59:00,4348.88,4348.88,4348.88,4348.88,0.00331273
2017-10-06 23:00:00,4348.88,4348.88,4348.88,4348.88,0.00332652
2017-10-06 23:01:00,4348.89,4348.89,4348.89,4348.89,1.54757836
2017-10-06 23:02:00,4349.0,4349.0,4349.0,4349.0,4.82002607
2017-10-06 23:03:00,4349.0,4349.0,4349.0,4349.0,2.61973995
2017-10-06 23:04:00,4349.0,4349.0,4349.0,4349.0,0.7004552
2017-10-06 23:05:00,4349.0,4351.45,4348.9,4351.45,3.66415223
2017-10-06 23:06:00,4351.45,4351.45,4351.45,4351.45,0.0
2017-10-06 23:07:00,4352.0,4352.0,4352.0,4352.0,0.01174139
2017-10-06 23:08:00,4352.0,4355.49,4349.93,4355.49,4.64110515
2017-10-06 23:09:00,4355.53,4355.54,4355.53,4355.54,0.04188765
2017-10-06 23:10:00,4354.0,4355.85,4352.88,4355.85,4.60347071
2017-10-06 23:11:00,4352.93,4352.93,4352.93,4352.93,0.1
2017-10-06 23:12:00,4352.93,4352.93,4352.93,4352.93,0.0
2017-10-06 23:13:00,4355.46,4355.73,4351.17,4355.73,0.44585463
2017-10-06 23:14:00,4356.04,4359.0,4356.04,4359.0,69.00647876
2017-10-06 23:15:00,4359.0,4367.79,4359.0,4367.79,7.6771567
2017-10-06 23:16:00,4367.8,4368.96,4367.8,4369.0,6.66930708
2017-10-06 23:17:00,4368.96,4369.0,4364.81,4369.0,6.09306251
2017-10-06 23:18:00,4364.81,4368.98,4364.81,4368.98,4.84028163
2017-10-06 23:19:00,4368.99,4369.0,4364.81,4369.0,10.59537048
2017-10-06 23:20:00,4368.97,4369.0,4368.86,4369.0,5.09162807
2017-10-06 23:21:00,4368.88,4368.9,4368.88,4368.9,0.00367322
2017-10-06 23:22:00,4368.99,4366.0,4366.0,4369.0,0.06051087
2017-10-06 23:23:00,4368.84,4365.0,4365.0,4369.0,10.21277536
2017-10-06 23:24:00,4368.38,4368.31,4368.21,4368.42,0.17167016
2017-10-06 23:25:00,4368.41,4366.62,4366.62,4368.41,0.21315
2017-10-06 23:26:00,4368.69,4369.0,4368.69,4369.0,0.09071858
2017-10-06 23:27:00,4369.0,4365.01,4365.01,4369.0,0.21896935
2017-10-06 23:28:00,4369.0,4369.0,4369.0,4369.0,0.0210048
2017-10-06 23:29:00,4369.0,4370.0,4369.0,4370.0,0.11593982
2017-10-06 23:30:00,4369.01,4369.01,4369.01,4369.01,0.0959
2017-10-06 23:31:00,4369.02,4369.05,4369.02,4371.99,0.93256956
2017-10-06 23:32:00,4371.99,4374.18,4371.99,4374.18,4.68659515
2017-10-06 23:33:00,4374.18,4374.18,4374.18,4374.18,0.0
2017-10-06 23:34:00,4370.01,4370.03,4370.01,4370.04,0.36128918
2017-10-06 23:35:00,4370.01,4374.47,4370.01,4374.47,5.53966815
2017-10-06 23:36:00,4374.4,4374.96,4370.01,4375.0,5.63512996
2017-10-06 23:37:00,4370.03,4369.6,4369.6,4374.88,5.59886891
2017-10-06 23:38:00,4374.57,4373.79,4369.0,4374.57,7.72208432
2017-10-06 23:39:00,4369.03,4364.78,4364.78,4369.03,6.99081539
2017-10-06 23:40:00,4366.4,4371.38,4366.4,4371.38,0.43399257
2017-10-06 23:41:00,4364.84,4371.42,4364.84,4371.42,0.12716514
2017-10-06 23:42:00,4371.42,4371.42,4371.42,4371.42,0.0
2017-10-06 23:43:00,4364.88,4364.78,4364.78,4364.89,2.46443115
2017-10-06 23:44:00,4360.17,4359.01,4359.0,4360.17,3.99042543
2017-10-06 23:45:00,4360.08,4360.06,4360.06,4360.08,0.1848777
2017-10-06 23:46:00,4360.12,4356.96,4356.96,4360.12,0.40223542
2017-10-06 23:47:00,4360.56,4360.56,4360.56,4360.56,0.05
2017-10-06 23:48:00,4362.7,4362.65,4362.65,4362.7,0.12492757
2017-10-06 23:49:00,4362.91,4362.61,4362.61,4366.72,4.03761485
2017-10-06 23:50:00,4366.66,4362.64,4362.64,4366.66,0.16682037
2017-10-06 23:51:00,4362.64,4362.64,4362.64,4362.64,0.0
2017-10-06 23:52:00,4362.64,4362.64,4362.64,4362.64,0.0
2017-10-06 23:53:00,4365.01,4364.62,4356.06,4365.01,0.8053815
2017-10-06 23:54:00,4359.99,4363.59,4359.99,4363.59,0.27264533
2017-10-06 23:55:00,4356.1,4363.1,4356.1,4363.1,0.22430623
2017-10-06 23:56:00,4363.57,4363.56,4363.56,4363.57,0.29007125
2017-10-06 23:57:00,4363.1,4363.54,4362.13,4363.56,0.64598252
2017-10-06 23:58:00,4366.56,4363.52,4363.52,4366.56,0.13014166
2017-10-06 23:59:00,4362.97,4362.95,4356.11,4362.97,2.28764652
